id,name,country,co2_factor,company_id,updated_at
1,Tuzla,Bosnia and Herzegovina,0.6931,05bd26a2-e08f-40e6-a350-6f33b1aa7468,2025-06-05 22:12:32.42104
2,Mostar,Bosnia and Herzegovina,0.4516,8793806d-18a2-4f9f-a9f3-9d2e2a05b4d5,2025-06-05 22:12:32.42104
3,Tuzla,Bosnia and Herzegovina,0.3606,8793806d-18a2-4f9f-a9f3-9d2e2a05b4d5,2025-06-05 22:12:32.42104
4,Mostar,Bosnia and Herzegovina,0.0653,8793806d-18a2-4f9f-a9f3-9d2e2a05b4d5,2025-06-05 22:12:32.42104
5,Mostar,Bosnia and Herzegovina,0.108,8267d73b-4f33-4b22-96dd-3193c5dc6262,2025-06-05 22:12:32.42104
6,Banja Luka,Bosnia and Herzegovina,0.388,8267d73b-4f33-4b22-96dd-3193c5dc6262,2025-06-05 22:12:32.42104
7,Tuzla,Bosnia and Herzegovina,0.2312,8267d73b-4f33-4b22-96dd-3193c5dc6262,2025-06-05 22:12:32.42104
8,Banja Luka,Bosnia and Herzegovina,0.536,31c07eda-d07b-4212-81ba-ae95e206611f,2025-06-05 22:12:32.42104
9,Tuzla,Bosnia and Herzegovina,0.2149,b48d0d3d-145e-4a1f-aabd-a057115175d7,2025-06-05 22:12:32.42104
10,Bihać,Bosnia and Herzegovina,0.3831,fb56bf82-00d8-40f0-a10a-2037546c806f,2025-06-05 22:12:32.42104
11,Tuzla,Bosnia and Herzegovina,0.1464,fb56bf82-00d8-40f0-a10a-2037546c806f,2025-06-05 22:12:32.42104
12,Mostar,Bosnia and Herzegovina,0.5433,99f9a6b3-8b92-477a-9f71-e349a1966b2f,2025-06-05 22:12:32.42104
13,Banja Luka,Bosnia and Herzegovina,0.0675,99f9a6b3-8b92-477a-9f71-e349a1966b2f,2025-06-05 22:12:32.42104
14,Mostar,Bosnia and Herzegovina,0.6092,d4ac0185-dcdd-486d-b91a-a2e7f5d5b26a,2025-06-05 22:12:32.42104
15,Zenica,Bosnia and Herzegovina,0.5396,d4ac0185-dcdd-486d-b91a-a2e7f5d5b26a,2025-06-05 22:12:32.42104
16,Tuzla,Bosnia and Herzegovina,0.3189,0cc48750-ca6d-45d1-8a5b-e6ef0d57202f,2025-06-05 22:12:32.42104
17,Banja Luka,Bosnia and Herzegovina,0.2555,0cc48750-ca6d-45d1-8a5b-e6ef0d57202f,2025-06-05 22:12:32.42104
18,Banja Luka,Bosnia and Herzegovina,0.208,99f8ac4b-8310-4503-85c3-04e56831b8f0,2025-06-05 22:12:32.42104
19,Banja Luka,Bosnia and Herzegovina,0.5464,99f8ac4b-8310-4503-85c3-04e56831b8f0,2025-06-05 22:12:32.42104
20,Mostar,Bosnia and Herzegovina,0.4686,99f8ac4b-8310-4503-85c3-04e56831b8f0,2025-06-05 22:12:32.42104
21,Banja Luka,Bosnia and Herzegovina,0.5944,bd2c9d36-adab-40d8-a936-9c795390aad0,2025-06-05 22:12:32.42104
22,Banja Luka,Bosnia and Herzegovina,0.3106,bd2c9d36-adab-40d8-a936-9c795390aad0,2025-06-05 22:12:32.42104
23,Bihać,Bosnia and Herzegovina,0.6849,bd2c9d36-adab-40d8-a936-9c795390aad0,2025-06-05 22:12:32.42104
24,Banja Luka,Bosnia and Herzegovina,0.1877,7f6d3ce0-cb5e-43b4-a6b2-6d359b6d32a9,2025-06-05 22:12:32.42104
25,Sarajevo,Bosnia and Herzegovina,0.2344,7f6d3ce0-cb5e-43b4-a6b2-6d359b6d32a9,2025-06-05 22:12:32.42104
26,Mostar,Bosnia and Herzegovina,0.0655,7f6d3ce0-cb5e-43b4-a6b2-6d359b6d32a9,2025-06-05 22:12:32.42104
27,Banja Luka,Bosnia and Herzegovina,0.1956,a5489960-9c97-4bc9-8ae2-4d27b5f7f7ed,2025-06-05 22:12:32.42104
28,Banja Luka,Bosnia and Herzegovina,0.2075,a5489960-9c97-4bc9-8ae2-4d27b5f7f7ed,2025-06-05 22:12:32.42104
29,Banja Luka,Bosnia and Herzegovina,0.6009,37cfe586-35c2-4684-8cd1-9670ece7917a,2025-06-05 22:12:32.42104
30,Banja Luka,Bosnia and Herzegovina,0.6229,37cfe586-35c2-4684-8cd1-9670ece7917a,2025-06-05 22:12:32.42104
31,Banja Luka,Bosnia and Herzegovina,0.1569,37cfe586-35c2-4684-8cd1-9670ece7917a,2025-06-05 22:12:32.42104
32,Bihać,Bosnia and Herzegovina,0.5561,9662e075-6639-4da4-a2b8-bd42a0d00f73,2025-06-05 22:12:32.42104
33,Banja Luka,Bosnia and Herzegovina,0.656,1e5ae22a-eb45-4b85-8fc2-88595738f57a,2025-06-05 22:12:32.42104
34,Tuzla,Bosnia and Herzegovina,0.6418,1e5ae22a-eb45-4b85-8fc2-88595738f57a,2025-06-05 22:12:32.42104
35,Mostar,Bosnia and Herzegovina,0.656,1e5ae22a-eb45-4b85-8fc2-88595738f57a,2025-06-05 22:12:32.42104
36,Sarajevo,Bosnia and Herzegovina,0.3452,e81e0755-379f-42ee-92c1-3ec1ac0775ee,2025-06-05 22:12:32.42104
37,Mostar,Bosnia and Herzegovina,0.5717,e81e0755-379f-42ee-92c1-3ec1ac0775ee,2025-06-05 22:12:32.42104
38,Bihać,Bosnia and Herzegovina,0.2247,e81e0755-379f-42ee-92c1-3ec1ac0775ee,2025-06-05 22:12:32.42104
39,Brčko,Bosnia and Herzegovina,0.3622,c9781bb8-c7d3-4d1a-9b21-6a803c50a4e7,2025-06-05 22:12:32.42104
40,Banja Luka,Bosnia and Herzegovina,0.1111,20ec0172-f337-49c5-bcc8-0985bb4f51d0,2025-06-05 22:12:32.42104
41,Bihać,Bosnia and Herzegovina,0.4257,20ec0172-f337-49c5-bcc8-0985bb4f51d0,2025-06-05 22:12:32.42104
42,Bihać,Bosnia and Herzegovina,0.2978,be1b9044-e519-4c6d-b771-0d6eb56b902a,2025-06-05 22:12:32.42104
43,Sarajevo,Bosnia and Herzegovina,0.6366,be1b9044-e519-4c6d-b771-0d6eb56b902a,2025-06-05 22:12:32.42104
44,Bihać,Bosnia and Herzegovina,0.4559,ad2388b6-e1cf-4738-8bf6-e3c7ffd68c3e,2025-06-05 22:12:32.42104
45,Mostar,Bosnia and Herzegovina,0.2437,ad2388b6-e1cf-4738-8bf6-e3c7ffd68c3e,2025-06-05 22:12:32.42104
46,Bihać,Bosnia and Herzegovina,0.6543,45200849-c7d4-4859-8846-3329126a83c9,2025-06-05 22:12:32.42104
47,Sarajevo,Bosnia and Herzegovina,0.1581,45200849-c7d4-4859-8846-3329126a83c9,2025-06-05 22:12:32.42104
48,Mostar,Bosnia and Herzegovina,0.5555,63a5f4f5-1f85-4dd0-8d76-33cd92ed7049,2025-06-05 22:12:32.42104
49,Mostar,Bosnia and Herzegovina,0.6148,63a5f4f5-1f85-4dd0-8d76-33cd92ed7049,2025-06-05 22:12:32.42104
50,Brčko,Bosnia and Herzegovina,0.2384,63a5f4f5-1f85-4dd0-8d76-33cd92ed7049,2025-06-05 22:12:32.42104
51,Mostar,Bosnia and Herzegovina,0.4451,3c574859-cfdc-4e3d-9e48-0c205a9365fa,2025-06-05 22:12:32.42104
52,Banja Luka,Bosnia and Herzegovina,0.2267,0d01041f-527a-4ec6-8b41-96e7464e1a15,2025-06-05 22:12:32.42104
53,Tuzla,Bosnia and Herzegovina,0.3162,0d01041f-527a-4ec6-8b41-96e7464e1a15,2025-06-05 22:12:32.42104
54,Mostar,Bosnia and Herzegovina,0.4578,3a3a57d1-a706-4ad5-a117-cb832798e65a,2025-06-05 22:12:32.42104
55,Banja Luka,Bosnia and Herzegovina,0.1473,bb46622e-fbd7-473c-9ceb-5d358eab340c,2025-06-05 22:12:32.42104
56,Brčko,Bosnia and Herzegovina,0.4652,bb46622e-fbd7-473c-9ceb-5d358eab340c,2025-06-05 22:12:32.42104
57,Bihać,Bosnia and Herzegovina,0.2729,bb46622e-fbd7-473c-9ceb-5d358eab340c,2025-06-05 22:12:32.42104
58,Zenica,Bosnia and Herzegovina,0.427,c9d66745-e67b-455d-8c1d-7bb43f9bda61,2025-06-05 22:12:32.42104
59,Bihać,Bosnia and Herzegovina,0.4905,20517b0f-5898-4d58-a4ec-7a042cbee551,2025-06-05 22:12:32.42104
60,Zenica,Bosnia and Herzegovina,0.0582,20517b0f-5898-4d58-a4ec-7a042cbee551,2025-06-05 22:12:32.42104
61,Bihać,Bosnia and Herzegovina,0.4738,8364e620-3359-4aaa-ab3a-219d2fa30130,2025-06-05 22:12:32.42104
62,Banja Luka,Bosnia and Herzegovina,0.3881,8364e620-3359-4aaa-ab3a-219d2fa30130,2025-06-05 22:12:32.42104
63,Brčko,Bosnia and Herzegovina,0.4538,917b1eb3-5040-42a9-903c-1b8979f51349,2025-06-05 22:12:32.42104
64,Zenica,Bosnia and Herzegovina,0.636,917b1eb3-5040-42a9-903c-1b8979f51349,2025-06-05 22:12:32.42104
65,Sarajevo,Bosnia and Herzegovina,0.5002,28a14694-aea4-4073-85b2-44c37b11c0a0,2025-06-05 22:12:32.42104
66,Brčko,Bosnia and Herzegovina,0.4267,4c9b7e97-0030-49cf-8d7b-65e41f13a8aa,2025-06-05 22:12:32.42104
67,Bihać,Bosnia and Herzegovina,0.4017,4c9b7e97-0030-49cf-8d7b-65e41f13a8aa,2025-06-05 22:12:32.42104
68,Tuzla,Bosnia and Herzegovina,0.4135,4c9b7e97-0030-49cf-8d7b-65e41f13a8aa,2025-06-05 22:12:32.42104
69,Banja Luka,Bosnia and Herzegovina,0.4631,f3d5cf6a-6d7b-477b-a26f-0f05336735a9,2025-06-05 22:12:32.42104
70,Tuzla,Bosnia and Herzegovina,0.3961,f3d5cf6a-6d7b-477b-a26f-0f05336735a9,2025-06-05 22:12:32.42104
71,Tuzla,Bosnia and Herzegovina,0.3179,f3d5cf6a-6d7b-477b-a26f-0f05336735a9,2025-06-05 22:12:32.42104
72,Bihać,Bosnia and Herzegovina,0.1048,7c712e4c-329d-4853-97c5-349e6d614377,2025-06-05 22:12:32.42104
73,Tuzla,Bosnia and Herzegovina,0.6258,7c712e4c-329d-4853-97c5-349e6d614377,2025-06-05 22:12:32.42104
74,Brčko,Bosnia and Herzegovina,0.2285,aecf8e86-a68f-4c49-afcf-1e23869c36c5,2025-06-05 22:12:32.42104
75,Zenica,Bosnia and Herzegovina,0.4944,b1a8a03b-774e-4e88-a566-bcd9b81ab826,2025-06-05 22:12:32.42104
76,Mostar,Bosnia and Herzegovina,0.4379,b1a8a03b-774e-4e88-a566-bcd9b81ab826,2025-06-05 22:12:32.42104
77,Bihać,Bosnia and Herzegovina,0.5387,3584bf27-e917-44c0-a2e1-573f464db7e4,2025-06-05 22:12:32.42104
78,Brčko,Bosnia and Herzegovina,0.2473,9f2a737b-22bc-466c-952e-079863e04a32,2025-06-05 22:12:32.42104
79,Banja Luka,Bosnia and Herzegovina,0.2902,9f2a737b-22bc-466c-952e-079863e04a32,2025-06-05 22:12:32.42104
80,Bihać,Bosnia and Herzegovina,0.5523,9f2a737b-22bc-466c-952e-079863e04a32,2025-06-05 22:12:32.42104
81,Zenica,Bosnia and Herzegovina,0.058,814ccceb-876c-4485-a7da-812cf02ada3b,2025-06-05 22:12:32.42104
82,Sarajevo,Bosnia and Herzegovina,0.4196,3b56b722-089c-42ce-8792-2db771f8989e,2025-06-05 22:12:32.42104
83,Tuzla,Bosnia and Herzegovina,0.1401,3b56b722-089c-42ce-8792-2db771f8989e,2025-06-05 22:12:32.42104
84,Mostar,Bosnia and Herzegovina,0.246,3b56b722-089c-42ce-8792-2db771f8989e,2025-06-05 22:12:32.42104
85,Mostar,Bosnia and Herzegovina,0.1786,c7ff4932-7975-4634-a476-ad555e814c6b,2025-06-05 22:12:32.42104
86,Bihać,Bosnia and Herzegovina,0.4877,c7ff4932-7975-4634-a476-ad555e814c6b,2025-06-05 22:12:32.42104
87,Brčko,Bosnia and Herzegovina,0.6701,9cd20c8a-9f01-4cf5-b732-62652409c08c,2025-06-05 22:12:32.42104
88,Zenica,Bosnia and Herzegovina,0.6096,9cd20c8a-9f01-4cf5-b732-62652409c08c,2025-06-05 22:12:32.42104
89,Bihać,Bosnia and Herzegovina,0.4975,260a338b-268c-477f-aec3-8d2658d263a3,2025-06-05 22:12:32.42104
90,Brčko,Bosnia and Herzegovina,0.238,260a338b-268c-477f-aec3-8d2658d263a3,2025-06-05 22:12:32.42104
91,Brčko,Bosnia and Herzegovina,0.5574,260a338b-268c-477f-aec3-8d2658d263a3,2025-06-05 22:12:32.42104
92,Brčko,Bosnia and Herzegovina,0.595,bf6c579c-d860-4c5f-a20d-f6191b08ef0c,2025-06-05 22:12:32.42104
93,Sarajevo,Bosnia and Herzegovina,0.5296,d5f563bb-9a2f-41f4-8997-131cceb3dd51,2025-06-05 22:12:32.42104
94,Banja Luka,Bosnia and Herzegovina,0.5486,f847a2f7-cba4-4093-9ea5-2dcba808a3c4,2025-06-05 22:12:32.42104
95,Tuzla,Bosnia and Herzegovina,0.3794,4a7ba69c-35b7-41c8-b30b-76424e370043,2025-06-05 22:12:32.42104
96,Tuzla,Bosnia and Herzegovina,0.3431,94d1e63b-0a59-4c41-bf92-f5b805e47cdc,2025-06-05 22:12:32.42104
97,Mostar,Bosnia and Herzegovina,0.1537,94d1e63b-0a59-4c41-bf92-f5b805e47cdc,2025-06-05 22:12:32.42104
98,Banja Luka,Bosnia and Herzegovina,0.521,b0cb1479-019c-462c-a0f5-25d6381e20c5,2025-06-05 22:12:32.42104
99,Brčko,Bosnia and Herzegovina,0.6005,b0cb1479-019c-462c-a0f5-25d6381e20c5,2025-06-05 22:12:32.42104
100,Sarajevo,Bosnia and Herzegovina,0.1752,91d1dc8a-e07f-4f2d-8dc6-bbd27dddbf2c,2025-06-05 22:12:32.42104
101,Tuzla,Bosnia and Herzegovina,0.5847,91d1dc8a-e07f-4f2d-8dc6-bbd27dddbf2c,2025-06-05 22:12:32.42104
102,Brčko,Bosnia and Herzegovina,0.5266,56806a09-7448-461f-a21a-d40f203e536e,2025-06-05 22:12:32.42104
103,Sarajevo,Bosnia and Herzegovina,0.1316,56806a09-7448-461f-a21a-d40f203e536e,2025-06-05 22:12:32.42104
104,Brčko,Bosnia and Herzegovina,0.5139,56806a09-7448-461f-a21a-d40f203e536e,2025-06-05 22:12:32.42104
105,Sarajevo,Bosnia and Herzegovina,0.3621,55f478a7-c2c5-4174-ab36-a26ebae7a26a,2025-06-05 22:12:32.42104
106,Mostar,Bosnia and Herzegovina,0.2066,55f478a7-c2c5-4174-ab36-a26ebae7a26a,2025-06-05 22:12:32.42104
107,Bihać,Bosnia and Herzegovina,0.5492,55f478a7-c2c5-4174-ab36-a26ebae7a26a,2025-06-05 22:12:32.42104
108,Mostar,Bosnia and Herzegovina,0.5133,022bed2d-df5a-42f5-a84a-53528093f4ba,2025-06-05 22:12:32.42104
109,Banja Luka,Bosnia and Herzegovina,0.0655,022bed2d-df5a-42f5-a84a-53528093f4ba,2025-06-05 22:12:32.42104
110,Brčko,Bosnia and Herzegovina,0.156,022bed2d-df5a-42f5-a84a-53528093f4ba,2025-06-05 22:12:32.42104
111,Brčko,Bosnia and Herzegovina,0.391,36689d16-627f-4811-8fb5-e71b14e83475,2025-06-05 22:12:32.42104
112,Sarajevo,Bosnia and Herzegovina,0.6728,36689d16-627f-4811-8fb5-e71b14e83475,2025-06-05 22:12:32.42104
113,Mostar,Bosnia and Herzegovina,0.123,f42b0971-eea8-4168-b75f-07aaee2545fa,2025-06-05 22:12:32.42104
114,Tuzla,Bosnia and Herzegovina,0.6015,f42b0971-eea8-4168-b75f-07aaee2545fa,2025-06-05 22:12:32.42104
115,Mostar,Bosnia and Herzegovina,0.4227,ab36aa6c-03b5-4045-8171-23098c0bbbbf,2025-06-05 22:12:32.42104
116,Banja Luka,Bosnia and Herzegovina,0.3914,ab36aa6c-03b5-4045-8171-23098c0bbbbf,2025-06-05 22:12:32.42104
117,Sarajevo,Bosnia and Herzegovina,0.4929,53fde07b-f745-4660-881e-dcf5af6bb586,2025-06-05 22:12:32.42104
118,Brčko,Bosnia and Herzegovina,0.3984,6f51f56a-b83c-41e1-ac69-6bfbcfe183e2,2025-06-05 22:12:32.42104
119,Mostar,Bosnia and Herzegovina,0.2611,6f51f56a-b83c-41e1-ac69-6bfbcfe183e2,2025-06-05 22:12:32.42104
120,Zenica,Bosnia and Herzegovina,0.3191,4b909cff-6390-4e37-a68b-b75039b67371,2025-06-05 22:12:32.42104
121,Mostar,Bosnia and Herzegovina,0.5232,4b909cff-6390-4e37-a68b-b75039b67371,2025-06-05 22:12:32.42104
122,Zenica,Bosnia and Herzegovina,0.472,324523b9-8849-4227-9bdf-abeb5b7fa3d4,2025-06-05 22:12:32.42104
123,Brčko,Bosnia and Herzegovina,0.1177,4f3c24b2-e8c1-40dd-990f-819b3fc8b772,2025-06-05 22:12:32.42104
124,Sarajevo,Bosnia and Herzegovina,0.2424,366b8bca-2a58-45de-ad0a-ac6a0c3e6cf3,2025-06-05 22:12:32.42104
125,Bihać,Bosnia and Herzegovina,0.0516,366b8bca-2a58-45de-ad0a-ac6a0c3e6cf3,2025-06-05 22:12:32.42104
126,Tuzla,Bosnia and Herzegovina,0.1755,366b8bca-2a58-45de-ad0a-ac6a0c3e6cf3,2025-06-05 22:12:32.42104
127,Sarajevo,Bosnia and Herzegovina,0.4162,b15081b9-2e8d-4a34-99cc-2632e07176ee,2025-06-05 22:12:32.42104
128,Mostar,Bosnia and Herzegovina,0.4466,b15081b9-2e8d-4a34-99cc-2632e07176ee,2025-06-05 22:12:32.42104
129,Brčko,Bosnia and Herzegovina,0.4888,b15081b9-2e8d-4a34-99cc-2632e07176ee,2025-06-05 22:12:32.42104
130,Tuzla,Bosnia and Herzegovina,0.3025,f9813eea-e515-4bc2-bd3d-efa66b65cd50,2025-06-05 22:12:32.42104
131,Sarajevo,Bosnia and Herzegovina,0.1714,f9813eea-e515-4bc2-bd3d-efa66b65cd50,2025-06-05 22:12:32.42104
132,Zenica,Bosnia and Herzegovina,0.5918,e3d2df42-fa2d-4aa9-ac61-1cb83d4fcca9,2025-06-05 22:12:32.42104
133,Zenica,Bosnia and Herzegovina,0.1939,09ee65b1-8a94-4004-b83a-3bfb9dd81c51,2025-06-05 22:12:32.42104
134,Banja Luka,Bosnia and Herzegovina,0.1344,09ee65b1-8a94-4004-b83a-3bfb9dd81c51,2025-06-05 22:12:32.42104
135,Banja Luka,Bosnia and Herzegovina,0.6474,09ee65b1-8a94-4004-b83a-3bfb9dd81c51,2025-06-05 22:12:32.42104
136,Tuzla,Bosnia and Herzegovina,0.0734,2a1ec284-7212-41fb-92f0-6664c906e9be,2025-06-05 22:12:32.42104
137,Sarajevo,Bosnia and Herzegovina,0.0788,2a1ec284-7212-41fb-92f0-6664c906e9be,2025-06-05 22:12:32.42104
138,Mostar,Bosnia and Herzegovina,0.5385,2a1ec284-7212-41fb-92f0-6664c906e9be,2025-06-05 22:12:32.42104
139,Sarajevo,Bosnia and Herzegovina,0.3288,3a1b85d2-a291-4fbf-9766-eb793b4107f6,2025-06-05 22:12:32.42104
140,Tuzla,Bosnia and Herzegovina,0.3183,3a1b85d2-a291-4fbf-9766-eb793b4107f6,2025-06-05 22:12:32.42104
141,Banja Luka,Bosnia and Herzegovina,0.4264,db284501-502f-49fe-aacd-ccaf1320ff09,2025-06-05 22:12:32.42104
142,Brčko,Bosnia and Herzegovina,0.4062,db284501-502f-49fe-aacd-ccaf1320ff09,2025-06-05 22:12:32.42104
143,Mostar,Bosnia and Herzegovina,0.6914,bbbbd3e4-f36d-4e3c-9142-b01a1384621a,2025-06-05 22:12:32.42104
144,Tuzla,Bosnia and Herzegovina,0.328,bbbbd3e4-f36d-4e3c-9142-b01a1384621a,2025-06-05 22:12:32.42104
145,Mostar,Bosnia and Herzegovina,0.5398,a47cc7e9-2ea5-4124-931e-2a5af2c06054,2025-06-05 22:12:32.42104
146,Bihać,Bosnia and Herzegovina,0.3735,a47cc7e9-2ea5-4124-931e-2a5af2c06054,2025-06-05 22:12:32.42104
147,Bihać,Bosnia and Herzegovina,0.0643,1cb65a9f-44ca-4fd1-b79a-d072d931d939,2025-06-05 22:12:32.42104
148,Bihać,Bosnia and Herzegovina,0.0936,1cb65a9f-44ca-4fd1-b79a-d072d931d939,2025-06-05 22:12:32.42104
149,Brčko,Bosnia and Herzegovina,0.1137,e2f24418-9f7a-45d8-995c-6098343c4382,2025-06-05 22:12:32.42104
150,Banja Luka,Bosnia and Herzegovina,0.6371,e2f24418-9f7a-45d8-995c-6098343c4382,2025-06-05 22:12:32.42104
151,Brčko,Bosnia and Herzegovina,0.425,173d6ca6-c8c7-44cf-ac53-c00ec0a3a138,2025-06-05 22:12:32.42104
152,Sarajevo,Bosnia and Herzegovina,0.4694,173d6ca6-c8c7-44cf-ac53-c00ec0a3a138,2025-06-05 22:12:32.42104
153,Brčko,Bosnia and Herzegovina,0.159,173d6ca6-c8c7-44cf-ac53-c00ec0a3a138,2025-06-05 22:12:32.42104
154,Zenica,Bosnia and Herzegovina,0.3471,1eff065d-194e-4b75-ab65-393365a5d767,2025-06-05 22:12:32.42104
155,Bihać,Bosnia and Herzegovina,0.067,6a380cae-8c30-4870-ab0d-2cfe3559d9b4,2025-06-05 22:12:32.42104
156,Bihać,Bosnia and Herzegovina,0.1173,6a380cae-8c30-4870-ab0d-2cfe3559d9b4,2025-06-05 22:12:32.42104
157,Bihać,Bosnia and Herzegovina,0.4865,7a2717ea-ef32-44d0-a6a8-cbf0e760459d,2025-06-05 22:12:32.42104
158,Bihać,Bosnia and Herzegovina,0.3102,52b31a94-91ad-42b3-a4d7-61143ea14bef,2025-06-05 22:12:32.42104
159,Brčko,Bosnia and Herzegovina,0.058,52b31a94-91ad-42b3-a4d7-61143ea14bef,2025-06-05 22:12:32.42104
160,Sarajevo,Bosnia and Herzegovina,0.2548,52b31a94-91ad-42b3-a4d7-61143ea14bef,2025-06-05 22:12:32.42104
161,Zenica,Bosnia and Herzegovina,0.5462,091a1228-a20c-4a92-9c11-bfb68c1635cd,2025-06-05 22:12:32.42104
162,Mostar,Bosnia and Herzegovina,0.6854,091a1228-a20c-4a92-9c11-bfb68c1635cd,2025-06-05 22:12:32.42104
163,Mostar,Bosnia and Herzegovina,0.4396,ec2c35d7-0d87-41f0-99d8-174207ec5cd0,2025-06-05 22:12:32.42104
164,Sarajevo,Bosnia and Herzegovina,0.6436,ec2c35d7-0d87-41f0-99d8-174207ec5cd0,2025-06-05 22:12:32.42104
165,Bihać,Bosnia and Herzegovina,0.5986,ec2c35d7-0d87-41f0-99d8-174207ec5cd0,2025-06-05 22:12:32.42104
166,Zenica,Bosnia and Herzegovina,0.1922,8c60f447-ca8b-4d78-b5da-9fed80d1fe2f,2025-06-05 22:12:32.42104
167,Brčko,Bosnia and Herzegovina,0.631,f4624322-07fd-43ba-bfa4-475a43c2d6ba,2025-06-05 22:12:32.42104
168,Tuzla,Bosnia and Herzegovina,0.5894,ee07b9f9-7727-450a-9123-9e124125c905,2025-06-05 22:12:32.42104
169,Brčko,Bosnia and Herzegovina,0.1686,ee07b9f9-7727-450a-9123-9e124125c905,2025-06-05 22:12:32.42104
170,Tuzla,Bosnia and Herzegovina,0.6718,5f435529-b45e-4f05-b3c6-2b7f61933db8,2025-06-05 22:12:32.42104
171,Banja Luka,Bosnia and Herzegovina,0.0794,5f435529-b45e-4f05-b3c6-2b7f61933db8,2025-06-05 22:12:32.42104
172,Tuzla,Bosnia and Herzegovina,0.4325,5f435529-b45e-4f05-b3c6-2b7f61933db8,2025-06-05 22:12:32.42104
173,Brčko,Bosnia and Herzegovina,0.4957,c79393cb-da97-425e-a6e0-3c492eed766a,2025-06-05 22:12:32.42104
174,Tuzla,Bosnia and Herzegovina,0.1105,c79393cb-da97-425e-a6e0-3c492eed766a,2025-06-05 22:12:32.42104
175,Tuzla,Bosnia and Herzegovina,0.4007,c79393cb-da97-425e-a6e0-3c492eed766a,2025-06-05 22:12:32.42104
176,Sarajevo,Bosnia and Herzegovina,0.5698,42f380c0-6138-42b3-97a0-358348384c43,2025-06-05 22:12:32.42104
177,Zenica,Bosnia and Herzegovina,0.408,42f380c0-6138-42b3-97a0-358348384c43,2025-06-05 22:12:32.42104
178,Zenica,Bosnia and Herzegovina,0.681,42f380c0-6138-42b3-97a0-358348384c43,2025-06-05 22:12:32.42104
179,Bihać,Bosnia and Herzegovina,0.5396,27470c25-86c5-434e-a973-7faf24ab8359,2025-06-05 22:12:32.42104
180,Bihać,Bosnia and Herzegovina,0.0616,27470c25-86c5-434e-a973-7faf24ab8359,2025-06-05 22:12:32.42104
181,Zenica,Bosnia and Herzegovina,0.6975,27470c25-86c5-434e-a973-7faf24ab8359,2025-06-05 22:12:32.42104
182,Mostar,Bosnia and Herzegovina,0.6326,c84c24c3-c161-4044-af43-488b73b3ef1c,2025-06-05 22:12:32.42104
183,Sarajevo,Bosnia and Herzegovina,0.2777,c84c24c3-c161-4044-af43-488b73b3ef1c,2025-06-05 22:12:32.42104
184,Tuzla,Bosnia and Herzegovina,0.3652,c84c24c3-c161-4044-af43-488b73b3ef1c,2025-06-05 22:12:32.42104
185,Zenica,Bosnia and Herzegovina,0.6004,4f47a1fc-4523-49ef-8c27-61a6f633da24,2025-06-05 22:12:32.42104
186,Brčko,Bosnia and Herzegovina,0.101,e1f0fc2d-f878-4b42-94bb-15f644ccd076,2025-06-05 22:12:32.42104
187,Sarajevo,Bosnia and Herzegovina,0.2472,5cac0daa-3470-49d4-b8ea-f090cd3ff573,2025-06-05 22:12:32.42104
188,Zenica,Bosnia and Herzegovina,0.5664,72d0dde2-80dd-4cd6-8cb1-c6c6899776bf,2025-06-05 22:12:32.42104
189,Bihać,Bosnia and Herzegovina,0.6371,72d0dde2-80dd-4cd6-8cb1-c6c6899776bf,2025-06-05 22:12:32.42104
190,Banja Luka,Bosnia and Herzegovina,0.3797,6f7aa4a1-149a-4a52-8218-c43febfcad8e,2025-06-05 22:12:32.42104
191,Bihać,Bosnia and Herzegovina,0.5065,e0c4a0dc-5879-44ae-a045-5607b5754422,2025-06-05 22:12:32.42104
192,Sarajevo,Bosnia and Herzegovina,0.0704,e0c4a0dc-5879-44ae-a045-5607b5754422,2025-06-05 22:12:32.42104
193,Bihać,Bosnia and Herzegovina,0.0784,42e337ed-26d7-4fd3-95b8-95b2441c9c80,2025-06-05 22:12:32.42104
194,Mostar,Bosnia and Herzegovina,0.3767,42e337ed-26d7-4fd3-95b8-95b2441c9c80,2025-06-05 22:12:32.42104
195,Mostar,Bosnia and Herzegovina,0.2022,b4cc7afd-c55a-463a-b6a2-41b176e23a17,2025-06-05 22:12:32.42104
196,Mostar,Bosnia and Herzegovina,0.0888,fbdf6ae8-c936-4ec4-ab5f-03315ce08442,2025-06-05 22:12:32.42104
197,Tuzla,Bosnia and Herzegovina,0.194,fbdf6ae8-c936-4ec4-ab5f-03315ce08442,2025-06-05 22:12:32.42104
198,Zenica,Bosnia and Herzegovina,0.4533,fbdf6ae8-c936-4ec4-ab5f-03315ce08442,2025-06-05 22:12:32.42104
199,Brčko,Bosnia and Herzegovina,0.1853,b7267077-402e-4ecb-b7bd-41dcf9b84755,2025-06-05 22:12:32.42104
200,Sarajevo,Bosnia and Herzegovina,0.0963,b7267077-402e-4ecb-b7bd-41dcf9b84755,2025-06-05 22:12:32.42104
201,Brčko,Bosnia and Herzegovina,0.3742,9ad17de9-38d9-4fdc-aea4-ed7d6f875732,2025-06-05 22:12:32.42104
202,Mostar,Bosnia and Herzegovina,0.2262,9ad17de9-38d9-4fdc-aea4-ed7d6f875732,2025-06-05 22:12:32.42104
203,Brčko,Bosnia and Herzegovina,0.4025,7bca916c-b0d6-4cee-9a24-9e38f9983d77,2025-06-05 22:12:32.42104
204,Bihać,Bosnia and Herzegovina,0.2258,7bca916c-b0d6-4cee-9a24-9e38f9983d77,2025-06-05 22:12:32.42104
205,Brčko,Bosnia and Herzegovina,0.0762,7bca916c-b0d6-4cee-9a24-9e38f9983d77,2025-06-05 22:12:32.42104
206,Bihać,Bosnia and Herzegovina,0.6769,041b9e6d-18e9-4ee5-b4b6-35e64cfd7ed1,2025-06-05 22:12:32.42104
207,Banja Luka,Bosnia and Herzegovina,0.6993,bab61b41-9c90-43db-9c5d-396b2cd22aeb,2025-06-05 22:12:32.42104
208,Brčko,Bosnia and Herzegovina,0.5687,647c33d2-5c76-474f-8b16-10cf6b1ee4ae,2025-06-05 22:12:32.42104
209,Brčko,Bosnia and Herzegovina,0.4466,647c33d2-5c76-474f-8b16-10cf6b1ee4ae,2025-06-05 22:12:32.42104
210,Mostar,Bosnia and Herzegovina,0.3156,647c33d2-5c76-474f-8b16-10cf6b1ee4ae,2025-06-05 22:12:32.42104
211,Zenica,Bosnia and Herzegovina,0.6604,694605aa-1eb5-414d-9402-104ce0e8fed4,2025-06-05 22:12:32.42104
212,Banja Luka,Bosnia and Herzegovina,0.396,46339973-d78d-4cb6-8d9d-203dd7f6bad9,2025-06-05 22:12:32.42104
213,Brčko,Bosnia and Herzegovina,0.5967,46339973-d78d-4cb6-8d9d-203dd7f6bad9,2025-06-05 22:12:32.42104
214,Bihać,Bosnia and Herzegovina,0.688,46339973-d78d-4cb6-8d9d-203dd7f6bad9,2025-06-05 22:12:32.42104
215,Mostar,Bosnia and Herzegovina,0.6391,8631efc5-3485-47a1-9d2a-b99186709448,2025-06-05 22:12:32.42104
216,Mostar,Bosnia and Herzegovina,0.3197,8631efc5-3485-47a1-9d2a-b99186709448,2025-06-05 22:12:32.42104
217,Bihać,Bosnia and Herzegovina,0.4757,d417387f-0a38-4033-b03b-662908f0c4ce,2025-06-05 22:12:32.42104
218,Brčko,Bosnia and Herzegovina,0.3683,d417387f-0a38-4033-b03b-662908f0c4ce,2025-06-05 22:12:32.42104
219,Bihać,Bosnia and Herzegovina,0.47,11bee960-a38d-4022-9a29-ce54497b00f0,2025-06-05 22:12:32.42104
220,Brčko,Bosnia and Herzegovina,0.2207,11bee960-a38d-4022-9a29-ce54497b00f0,2025-06-05 22:12:32.42104
221,Tuzla,Bosnia and Herzegovina,0.2211,11bee960-a38d-4022-9a29-ce54497b00f0,2025-06-05 22:12:32.42104
222,Sarajevo,Bosnia and Herzegovina,0.6406,a9a700ac-a992-4ec9-8b0c-1bfe20490b05,2025-06-05 22:12:32.42104
223,Brčko,Bosnia and Herzegovina,0.2769,1524b3e4-1be4-43c8-9316-1d912d595c8c,2025-06-05 22:12:32.42104
224,Tuzla,Bosnia and Herzegovina,0.5811,1524b3e4-1be4-43c8-9316-1d912d595c8c,2025-06-05 22:12:32.42104
225,Sarajevo,Bosnia and Herzegovina,0.4063,48ba99da-87a4-4760-a7b9-0149608d56be,2025-06-05 22:12:32.42104
226,Zenica,Bosnia and Herzegovina,0.5623,881a9337-595b-46b1-86e2-e4c0decd20eb,2025-06-05 22:12:32.42104
227,Zenica,Bosnia and Herzegovina,0.1939,881a9337-595b-46b1-86e2-e4c0decd20eb,2025-06-05 22:12:32.42104
228,Mostar,Bosnia and Herzegovina,0.6432,881a9337-595b-46b1-86e2-e4c0decd20eb,2025-06-05 22:12:32.42104
229,Brčko,Bosnia and Herzegovina,0.1293,ae23c757-aaed-4564-8c1a-eea37989a477,2025-06-05 22:12:32.42104
230,Bihać,Bosnia and Herzegovina,0.6637,ae23c757-aaed-4564-8c1a-eea37989a477,2025-06-05 22:12:32.42104
231,Brčko,Bosnia and Herzegovina,0.2279,662b991b-ac5b-4e65-994b-16ce7d879cb5,2025-06-05 22:12:32.42104
232,Brčko,Bosnia and Herzegovina,0.4464,7adab5e0-a84d-45e6-a4c3-9ebcb7d11cd2,2025-06-05 22:12:32.42104
233,Zenica,Bosnia and Herzegovina,0.0542,7adab5e0-a84d-45e6-a4c3-9ebcb7d11cd2,2025-06-05 22:12:32.42104
234,Tuzla,Bosnia and Herzegovina,0.3956,7adab5e0-a84d-45e6-a4c3-9ebcb7d11cd2,2025-06-05 22:12:32.42104
235,Mostar,Bosnia and Herzegovina,0.114,3976087b-7440-4a16-8191-bc37a52faf4f,2025-06-05 22:12:32.42104
236,Bihać,Bosnia and Herzegovina,0.2145,3976087b-7440-4a16-8191-bc37a52faf4f,2025-06-05 22:12:32.42104
237,Banja Luka,Bosnia and Herzegovina,0.3217,3976087b-7440-4a16-8191-bc37a52faf4f,2025-06-05 22:12:32.42104
238,Mostar,Bosnia and Herzegovina,0.2494,2d103469-5e78-4bef-8e14-1dbbb3d3a954,2025-06-05 22:12:32.42104
239,Tuzla,Bosnia and Herzegovina,0.6403,9d8996a1-81fa-4489-aca5-bd0987079f14,2025-06-05 22:12:32.42104
240,Tuzla,Bosnia and Herzegovina,0.636,f2e63493-7d95-4917-9a2e-a1a02afca970,2025-06-05 22:12:32.42104
241,Zenica,Bosnia and Herzegovina,0.6883,eca6c481-a77a-438f-b333-90d2d0b82eea,2025-06-05 22:12:32.42104
242,Zenica,Bosnia and Herzegovina,0.095,eca6c481-a77a-438f-b333-90d2d0b82eea,2025-06-05 22:12:32.42104
243,Zenica,Bosnia and Herzegovina,0.0878,eca6c481-a77a-438f-b333-90d2d0b82eea,2025-06-05 22:12:32.42104
244,Zenica,Bosnia and Herzegovina,0.1343,2560be6a-f06d-4755-947a-78815c9abb91,2025-06-05 22:12:32.42104
245,Zenica,Bosnia and Herzegovina,0.418,d0c5363d-7a2f-4d57-be80-d44d5fc54d8b,2025-06-05 22:12:32.42104
246,Zenica,Bosnia and Herzegovina,0.2673,4dbd493b-28f1-4426-becf-1d7446bcd54e,2025-06-05 22:12:32.42104
247,Mostar,Bosnia and Herzegovina,0.4993,4dbd493b-28f1-4426-becf-1d7446bcd54e,2025-06-05 22:12:32.42104
248,Zenica,Bosnia and Herzegovina,0.2482,4dbd493b-28f1-4426-becf-1d7446bcd54e,2025-06-05 22:12:32.42104
249,Bihać,Bosnia and Herzegovina,0.1325,68dc1b03-f3ac-4f6c-a331-bf67ab3fa568,2025-06-05 22:12:32.42104
250,Bihać,Bosnia and Herzegovina,0.4572,68dc1b03-f3ac-4f6c-a331-bf67ab3fa568,2025-06-05 22:12:32.42104
251,Bihać,Bosnia and Herzegovina,0.0924,68dc1b03-f3ac-4f6c-a331-bf67ab3fa568,2025-06-05 22:12:32.42104
252,Bihać,Bosnia and Herzegovina,0.5208,814e8ba8-118d-4e4e-9ea1-a82bf55c92bc,2025-06-05 22:12:32.42104
253,Tuzla,Bosnia and Herzegovina,0.4459,40790c57-1b51-4960-ac6e-ca1aed51671d,2025-06-05 22:12:32.42104
254,Zenica,Bosnia and Herzegovina,0.5215,26a86ee0-9673-456e-a0f6-04c877cbc850,2025-06-05 22:12:32.42104
255,Tuzla,Bosnia and Herzegovina,0.1823,26a86ee0-9673-456e-a0f6-04c877cbc850,2025-06-05 22:12:32.42104
256,Sarajevo,Bosnia and Herzegovina,0.3416,b8efd4bf-93ff-446a-b743-735cdd12c9de,2025-06-05 22:12:32.42104
257,Bihać,Bosnia and Herzegovina,0.6105,b8efd4bf-93ff-446a-b743-735cdd12c9de,2025-06-05 22:12:32.42104
258,Tuzla,Bosnia and Herzegovina,0.108,b8efd4bf-93ff-446a-b743-735cdd12c9de,2025-06-05 22:12:32.42104
259,Brčko,Bosnia and Herzegovina,0.138,2e2eb944-e21b-4f8a-8511-d53bca9d61c7,2025-06-05 22:12:32.42104
260,Banja Luka,Bosnia and Herzegovina,0.3651,2e2eb944-e21b-4f8a-8511-d53bca9d61c7,2025-06-05 22:12:32.42104
261,Zenica,Bosnia and Herzegovina,0.0973,2e2eb944-e21b-4f8a-8511-d53bca9d61c7,2025-06-05 22:12:32.42104
262,Brčko,Bosnia and Herzegovina,0.2266,3c50db41-6814-4208-8a56-1a1b69aaf892,2025-06-05 22:12:32.42104
263,Tuzla,Bosnia and Herzegovina,0.5391,01600744-1355-4352-a932-314fed4e3ebf,2025-06-05 22:12:32.42104
264,Sarajevo,Bosnia and Herzegovina,0.3352,01600744-1355-4352-a932-314fed4e3ebf,2025-06-05 22:12:32.42104
265,Sarajevo,Bosnia and Herzegovina,0.1139,01600744-1355-4352-a932-314fed4e3ebf,2025-06-05 22:12:32.42104
266,Mostar,Bosnia and Herzegovina,0.4252,fc5864a2-9972-49a6-b94a-aa76977204f3,2025-06-05 22:12:32.42104
267,Tuzla,Bosnia and Herzegovina,0.3288,fc5864a2-9972-49a6-b94a-aa76977204f3,2025-06-05 22:12:32.42104
268,Sarajevo,Bosnia and Herzegovina,0.4982,fc5864a2-9972-49a6-b94a-aa76977204f3,2025-06-05 22:12:32.42104
269,Sarajevo,Bosnia and Herzegovina,0.1779,547899af-dc59-4416-a5f9-6d4a9c5ff291,2025-06-05 22:12:32.42104
270,Tuzla,Bosnia and Herzegovina,0.6865,aa0d8fc8-bd0c-4040-9de1-7110493fb382,2025-06-05 22:12:32.42104
271,Zenica,Bosnia and Herzegovina,0.2321,0bfd1e81-b64e-4e60-9df8-b1c4c89b95e0,2025-06-05 22:12:32.42104
272,Mostar,Bosnia and Herzegovina,0.2114,0bfd1e81-b64e-4e60-9df8-b1c4c89b95e0,2025-06-05 22:12:32.42104
273,Sarajevo,Bosnia and Herzegovina,0.3913,0bfd1e81-b64e-4e60-9df8-b1c4c89b95e0,2025-06-05 22:12:32.42104
274,Sarajevo,Bosnia and Herzegovina,0.6397,a3ed0cfe-93c5-4bcf-bda0-cc8797392af5,2025-06-05 22:12:32.42104
275,Bihać,Bosnia and Herzegovina,0.0505,6cd557b2-42bb-4c73-bd46-502b61db631b,2025-06-05 22:12:32.42104
276,Bihać,Bosnia and Herzegovina,0.1064,6cd557b2-42bb-4c73-bd46-502b61db631b,2025-06-05 22:12:32.42104
277,Tuzla,Bosnia and Herzegovina,0.0797,6cd557b2-42bb-4c73-bd46-502b61db631b,2025-06-05 22:12:32.42104
278,Zenica,Bosnia and Herzegovina,0.4188,228246ff-de4f-4e89-92c1-0177bea1ed32,2025-06-05 22:12:32.42104
279,Sarajevo,Bosnia and Herzegovina,0.4386,228246ff-de4f-4e89-92c1-0177bea1ed32,2025-06-05 22:12:32.42104
280,Brčko,Bosnia and Herzegovina,0.3773,228246ff-de4f-4e89-92c1-0177bea1ed32,2025-06-05 22:12:32.42104
281,Sarajevo,Bosnia and Herzegovina,0.168,7f6452e6-ed02-40a3-933b-5fa3836bf2a8,2025-06-05 22:12:32.42104
282,Mostar,Bosnia and Herzegovina,0.4805,b1311879-052a-456f-8f44-3d86e703de6c,2025-06-05 22:12:32.42104
283,Brčko,Bosnia and Herzegovina,0.4408,b1311879-052a-456f-8f44-3d86e703de6c,2025-06-05 22:12:32.42104
284,Mostar,Bosnia and Herzegovina,0.4783,26b9543b-f390-4a9d-a86b-1026b11292f7,2025-06-05 22:12:32.42104
285,Bihać,Bosnia and Herzegovina,0.112,1822b88d-5931-4edf-acf1-8ed534b45db2,2025-06-05 22:12:32.42104
286,Banja Luka,Bosnia and Herzegovina,0.5651,eb658c7a-0300-4c2a-b662-7c1e2de858e3,2025-06-05 22:12:32.42104
287,Tuzla,Bosnia and Herzegovina,0.5027,b1b3dbc6-65d7-4079-bea2-75f1ce46e795,2025-06-05 22:12:32.42104
288,Banja Luka,Bosnia and Herzegovina,0.3856,a89b3ee6-cf01-4dad-8817-9357bb532cc5,2025-06-05 22:12:32.42104
289,Tuzla,Bosnia and Herzegovina,0.1955,cb3a9071-018b-4ffd-89df-7559c5bb696a,2025-06-05 22:12:32.42104
290,Zenica,Bosnia and Herzegovina,0.604,8a820d39-3844-479a-97e2-10208ad8c950,2025-06-05 22:12:32.42104
291,Sarajevo,Bosnia and Herzegovina,0.3956,8a820d39-3844-479a-97e2-10208ad8c950,2025-06-05 22:12:32.42104
292,Bihać,Bosnia and Herzegovina,0.4874,7fe2a4ff-eddb-468a-beac-552f04bd7428,2025-06-05 22:12:32.42104
293,Brčko,Bosnia and Herzegovina,0.1089,4f8a2f72-84ce-4fe7-92a7-cf17c1968b02,2025-06-05 22:12:32.42104
294,Bihać,Bosnia and Herzegovina,0.5992,4f8a2f72-84ce-4fe7-92a7-cf17c1968b02,2025-06-05 22:12:32.42104
295,Zenica,Bosnia and Herzegovina,0.6143,463ce011-15f1-4809-ac77-2fb5545bd19d,2025-06-05 22:12:32.42104
296,Sarajevo,Bosnia and Herzegovina,0.0878,463ce011-15f1-4809-ac77-2fb5545bd19d,2025-06-05 22:12:32.42104
297,Brčko,Bosnia and Herzegovina,0.5033,463ce011-15f1-4809-ac77-2fb5545bd19d,2025-06-05 22:12:32.42104
298,Banja Luka,Bosnia and Herzegovina,0.4151,7b545312-a047-4ca3-b816-bb567b151fcc,2025-06-05 22:12:32.42104
299,Sarajevo,Bosnia and Herzegovina,0.4788,710e82ea-ee29-4755-9933-2212fb5ae216,2025-06-05 22:12:32.42104
300,Banja Luka,Bosnia and Herzegovina,0.4724,710e82ea-ee29-4755-9933-2212fb5ae216,2025-06-05 22:12:32.42104
301,Tuzla,Bosnia and Herzegovina,0.3303,710e82ea-ee29-4755-9933-2212fb5ae216,2025-06-05 22:12:32.42104
302,Banja Luka,Bosnia and Herzegovina,0.6402,7e34a5d4-680b-4e46-9bcd-705197defa3d,2025-06-05 22:12:32.42104
303,Bihać,Bosnia and Herzegovina,0.4726,7e34a5d4-680b-4e46-9bcd-705197defa3d,2025-06-05 22:12:32.42104
304,Tuzla,Bosnia and Herzegovina,0.4604,7e34a5d4-680b-4e46-9bcd-705197defa3d,2025-06-05 22:12:32.42104
305,Tuzla,Bosnia and Herzegovina,0.0726,8cdd981d-ca9e-4f5d-b7c4-ce8f455e8349,2025-06-05 22:12:32.42104
306,Mostar,Bosnia and Herzegovina,0.2459,8cdd981d-ca9e-4f5d-b7c4-ce8f455e8349,2025-06-05 22:12:32.42104
307,Brčko,Bosnia and Herzegovina,0.5896,8cdd981d-ca9e-4f5d-b7c4-ce8f455e8349,2025-06-05 22:12:32.42104
308,Bihać,Bosnia and Herzegovina,0.1596,e03303ad-fccf-4040-8bb1-b42b60cf1b56,2025-06-05 22:12:32.42104
309,Bihać,Bosnia and Herzegovina,0.3741,e03303ad-fccf-4040-8bb1-b42b60cf1b56,2025-06-05 22:12:32.42104
310,Bihać,Bosnia and Herzegovina,0.6165,aebf80b5-2daa-4465-aeb5-7c0cb6c5ad8f,2025-06-05 22:12:32.42104
311,Bihać,Bosnia and Herzegovina,0.1955,aebf80b5-2daa-4465-aeb5-7c0cb6c5ad8f,2025-06-05 22:12:32.42104
312,Zenica,Bosnia and Herzegovina,0.4323,9efe2ef2-1a03-4aff-ba9f-75062acdce86,2025-06-05 22:12:32.42104
313,Tuzla,Bosnia and Herzegovina,0.6843,7fdc401c-7c24-47f5-8f21-7dbb278f06cf,2025-06-05 22:12:32.42104
314,Brčko,Bosnia and Herzegovina,0.4204,7fdc401c-7c24-47f5-8f21-7dbb278f06cf,2025-06-05 22:12:32.42104
315,Banja Luka,Bosnia and Herzegovina,0.2569,7fdc401c-7c24-47f5-8f21-7dbb278f06cf,2025-06-05 22:12:32.42104
316,Tuzla,Bosnia and Herzegovina,0.6308,de95f2f3-28d1-405e-88e5-f5def14ec023,2025-06-05 22:12:32.42104
317,Banja Luka,Bosnia and Herzegovina,0.3943,de95f2f3-28d1-405e-88e5-f5def14ec023,2025-06-05 22:12:32.42104
318,Bihać,Bosnia and Herzegovina,0.3328,de95f2f3-28d1-405e-88e5-f5def14ec023,2025-06-05 22:12:32.42104
319,Mostar,Bosnia and Herzegovina,0.6345,462b23ff-707d-45cd-ac51-92c9cac5ac4a,2025-06-05 22:12:32.42104
320,Sarajevo,Bosnia and Herzegovina,0.5513,d3fdb73b-3d96-4c7c-b960-26d735af2e87,2025-06-05 22:12:32.42104
321,Mostar,Bosnia and Herzegovina,0.6786,d3fdb73b-3d96-4c7c-b960-26d735af2e87,2025-06-05 22:12:32.42104
322,Mostar,Bosnia and Herzegovina,0.6413,2ba21512-c2c3-4244-bbde-c0010c3b6fa3,2025-06-05 22:12:32.42104
323,Tuzla,Bosnia and Herzegovina,0.2898,2ba21512-c2c3-4244-bbde-c0010c3b6fa3,2025-06-05 22:12:32.42104
324,Banja Luka,Bosnia and Herzegovina,0.4476,8790b046-12b1-431a-a144-76220fb7eb90,2025-06-05 22:12:32.42104
325,Sarajevo,Bosnia and Herzegovina,0.6407,8790b046-12b1-431a-a144-76220fb7eb90,2025-06-05 22:12:32.42104
326,Zenica,Bosnia and Herzegovina,0.2635,98e0d6cc-20e8-4522-9b3b-045732b75eb4,2025-06-05 22:12:32.42104
327,Bihać,Bosnia and Herzegovina,0.5722,98e0d6cc-20e8-4522-9b3b-045732b75eb4,2025-06-05 22:12:32.42104
328,Banja Luka,Bosnia and Herzegovina,0.5113,1f579ef1-8ba6-493c-a3fc-1a385701da7e,2025-06-05 22:12:32.42104
329,Sarajevo,Bosnia and Herzegovina,0.4332,1f579ef1-8ba6-493c-a3fc-1a385701da7e,2025-06-05 22:12:32.42104
330,Banja Luka,Bosnia and Herzegovina,0.2486,1f579ef1-8ba6-493c-a3fc-1a385701da7e,2025-06-05 22:12:32.42104
331,Bihać,Bosnia and Herzegovina,0.3125,ef917f7c-6755-473c-8027-f8b6a14b70ba,2025-06-05 22:12:32.42104
332,Banja Luka,Bosnia and Herzegovina,0.4426,ef917f7c-6755-473c-8027-f8b6a14b70ba,2025-06-05 22:12:32.42104
333,Brčko,Bosnia and Herzegovina,0.3517,ef917f7c-6755-473c-8027-f8b6a14b70ba,2025-06-05 22:12:32.42104
334,Zenica,Bosnia and Herzegovina,0.4172,f48663d5-7cec-48f2-b6c8-c9a6210b1915,2025-06-05 22:12:32.42104
335,Mostar,Bosnia and Herzegovina,0.6063,afcd7bb7-e573-4371-94bf-88cc34d4ef3a,2025-06-05 22:12:32.42104
336,Tuzla,Bosnia and Herzegovina,0.2923,afcd7bb7-e573-4371-94bf-88cc34d4ef3a,2025-06-05 22:12:32.42104
337,Bihać,Bosnia and Herzegovina,0.44,65090f2c-3d5b-4f3e-aa91-23880603926c,2025-06-05 22:12:32.42104
338,Sarajevo,Bosnia and Herzegovina,0.2797,65090f2c-3d5b-4f3e-aa91-23880603926c,2025-06-05 22:12:32.42104
339,Banja Luka,Bosnia and Herzegovina,0.4416,65090f2c-3d5b-4f3e-aa91-23880603926c,2025-06-05 22:12:32.42104
340,Brčko,Bosnia and Herzegovina,0.4686,4739de43-3dbf-42af-a8a2-e2ccf20764bc,2025-06-05 22:12:32.42104
341,Bihać,Bosnia and Herzegovina,0.6202,4739de43-3dbf-42af-a8a2-e2ccf20764bc,2025-06-05 22:12:32.42104
342,Banja Luka,Bosnia and Herzegovina,0.4685,7e3eac3c-1aa7-4c72-8d61-71574e8bcd9d,2025-06-05 22:12:32.42104
343,Tuzla,Bosnia and Herzegovina,0.5635,7e3eac3c-1aa7-4c72-8d61-71574e8bcd9d,2025-06-05 22:12:32.42104
344,Zenica,Bosnia and Herzegovina,0.4282,6b905cd0-f282-444e-9c59-d9af669b718a,2025-06-05 22:12:32.42104
345,Mostar,Bosnia and Herzegovina,0.471,6b905cd0-f282-444e-9c59-d9af669b718a,2025-06-05 22:12:32.42104
346,Tuzla,Bosnia and Herzegovina,0.5696,0aa17ec6-3746-430f-8e6c-c2748e5e0c77,2025-06-05 22:12:32.42104
347,Mostar,Bosnia and Herzegovina,0.5772,0aa17ec6-3746-430f-8e6c-c2748e5e0c77,2025-06-05 22:12:32.42104
348,Brčko,Bosnia and Herzegovina,0.6386,0aa17ec6-3746-430f-8e6c-c2748e5e0c77,2025-06-05 22:12:32.42104
349,Sarajevo,Bosnia and Herzegovina,0.4849,10b476fe-f063-47a9-9065-c82a25172969,2025-06-05 22:12:32.42104
350,Bihać,Bosnia and Herzegovina,0.6234,10b476fe-f063-47a9-9065-c82a25172969,2025-06-05 22:12:32.42104
351,Zenica,Bosnia and Herzegovina,0.6668,b02a19f0-32b5-4c91-8e9a-888ff8b29a4e,2025-06-05 22:12:32.42104
352,Mostar,Bosnia and Herzegovina,0.3138,b02a19f0-32b5-4c91-8e9a-888ff8b29a4e,2025-06-05 22:12:32.42104
353,Mostar,Bosnia and Herzegovina,0.4164,a7b67998-79d0-484c-80cc-901b9f02564c,2025-06-05 22:12:32.42104
354,Zenica,Bosnia and Herzegovina,0.288,a7b67998-79d0-484c-80cc-901b9f02564c,2025-06-05 22:12:32.42104
355,Bihać,Bosnia and Herzegovina,0.4632,a7b67998-79d0-484c-80cc-901b9f02564c,2025-06-05 22:12:32.42104
356,Tuzla,Bosnia and Herzegovina,0.0841,468d510b-8c7c-4e12-b1d3-d8d149a2dc73,2025-06-05 22:12:32.42104
357,Bihać,Bosnia and Herzegovina,0.0592,468d510b-8c7c-4e12-b1d3-d8d149a2dc73,2025-06-05 22:12:32.42104
358,Tuzla,Bosnia and Herzegovina,0.1076,7e236c9e-c66f-4fef-ba0e-873b6d6c1ad2,2025-06-05 22:12:32.42104
359,Brčko,Bosnia and Herzegovina,0.1786,3b8ecf0c-f118-4d94-b2bc-493946fc78b7,2025-06-05 22:12:32.42104
360,Bihać,Bosnia and Herzegovina,0.381,3b8ecf0c-f118-4d94-b2bc-493946fc78b7,2025-06-05 22:12:32.42104
361,Mostar,Bosnia and Herzegovina,0.3211,3b8ecf0c-f118-4d94-b2bc-493946fc78b7,2025-06-05 22:12:32.42104
362,Mostar,Bosnia and Herzegovina,0.2064,b04d5d72-3d42-4f36-a759-4090901a1d41,2025-06-05 22:12:32.42104
363,Mostar,Bosnia and Herzegovina,0.3762,f9b2923f-d73b-44ee-ba4e-93e41da2c048,2025-06-05 22:12:32.42104
364,Zenica,Bosnia and Herzegovina,0.2875,368d81aa-c188-4ced-8c81-4610b643ecfc,2025-06-05 22:12:32.42104
365,Zenica,Bosnia and Herzegovina,0.5961,c109e3aa-5233-4f42-9967-6c6038835cdb,2025-06-05 22:12:32.42104
366,Sarajevo,Bosnia and Herzegovina,0.1617,c109e3aa-5233-4f42-9967-6c6038835cdb,2025-06-05 22:12:32.42104
367,Banja Luka,Bosnia and Herzegovina,0.2457,e4695f40-9c69-444a-8b54-603d2191d94b,2025-06-05 22:12:32.42104
368,Sarajevo,Bosnia and Herzegovina,0.4141,e4695f40-9c69-444a-8b54-603d2191d94b,2025-06-05 22:12:32.42104
369,Bihać,Bosnia and Herzegovina,0.6753,e4695f40-9c69-444a-8b54-603d2191d94b,2025-06-05 22:12:32.42104
370,Brčko,Bosnia and Herzegovina,0.4615,810bb90d-c628-4396-ba2a-537af1a02ffb,2025-06-05 22:12:32.42104
371,Brčko,Bosnia and Herzegovina,0.1486,810bb90d-c628-4396-ba2a-537af1a02ffb,2025-06-05 22:12:32.42104
372,Tuzla,Bosnia and Herzegovina,0.3498,6f6c50bc-62cb-4f92-81a6-c3cd05166e3d,2025-06-05 22:12:32.42104
373,Sarajevo,Bosnia and Herzegovina,0.2364,f1b32ca2-2a3f-4f57-8d05-843dd197af18,2025-06-05 22:12:32.42104
374,Zenica,Bosnia and Herzegovina,0.5936,f1b32ca2-2a3f-4f57-8d05-843dd197af18,2025-06-05 22:12:32.42104
375,Zenica,Bosnia and Herzegovina,0.1107,f1b32ca2-2a3f-4f57-8d05-843dd197af18,2025-06-05 22:12:32.42104
376,Tuzla,Bosnia and Herzegovina,0.5806,6dd48a37-0d56-4e4d-9050-070ad0530645,2025-06-05 22:12:32.42104
377,Bihać,Bosnia and Herzegovina,0.3115,6dd48a37-0d56-4e4d-9050-070ad0530645,2025-06-05 22:12:32.42104
378,Brčko,Bosnia and Herzegovina,0.2323,6dd48a37-0d56-4e4d-9050-070ad0530645,2025-06-05 22:12:32.42104
379,Zenica,Bosnia and Herzegovina,0.5617,9f941575-bda3-4326-aa1e-614260508f19,2025-06-05 22:12:32.42104
380,Brčko,Bosnia and Herzegovina,0.1405,9f941575-bda3-4326-aa1e-614260508f19,2025-06-05 22:12:32.42104
381,Brčko,Bosnia and Herzegovina,0.0677,de51d0ca-9373-4ccb-9b15-f81fe9a27699,2025-06-05 22:12:32.42104
382,Sarajevo,Bosnia and Herzegovina,0.4545,de51d0ca-9373-4ccb-9b15-f81fe9a27699,2025-06-05 22:12:32.42104
383,Sarajevo,Bosnia and Herzegovina,0.6539,de51d0ca-9373-4ccb-9b15-f81fe9a27699,2025-06-05 22:12:32.42104
384,Tuzla,Bosnia and Herzegovina,0.4397,d98ddcb3-9bed-4720-b21c-3c352bc9bdc2,2025-06-05 22:12:32.42104
385,Mostar,Bosnia and Herzegovina,0.6256,d98ddcb3-9bed-4720-b21c-3c352bc9bdc2,2025-06-05 22:12:32.42104
386,Mostar,Bosnia and Herzegovina,0.6981,d98ddcb3-9bed-4720-b21c-3c352bc9bdc2,2025-06-05 22:12:32.42104
387,Bihać,Bosnia and Herzegovina,0.4992,22cfcc7f-44b8-43b3-8db1-afb3953d8fbe,2025-06-05 22:12:32.42104
388,Tuzla,Bosnia and Herzegovina,0.357,22cfcc7f-44b8-43b3-8db1-afb3953d8fbe,2025-06-05 22:12:32.42104
389,Brčko,Bosnia and Herzegovina,0.2515,22cfcc7f-44b8-43b3-8db1-afb3953d8fbe,2025-06-05 22:12:32.42104
390,Brčko,Bosnia and Herzegovina,0.4736,52e52636-8ac6-4362-9808-993174e4f379,2025-06-05 22:12:32.42104
391,Sarajevo,Bosnia and Herzegovina,0.6651,52e52636-8ac6-4362-9808-993174e4f379,2025-06-05 22:12:32.42104
392,Mostar,Bosnia and Herzegovina,0.5714,52e52636-8ac6-4362-9808-993174e4f379,2025-06-05 22:12:32.42104
393,Banja Luka,Bosnia and Herzegovina,0.4301,5e7e62bf-23ee-41ca-a9d2-5bd147b07da8,2025-06-05 22:12:32.42104
394,Brčko,Bosnia and Herzegovina,0.2577,5e7e62bf-23ee-41ca-a9d2-5bd147b07da8,2025-06-05 22:12:32.42104
395,Brčko,Bosnia and Herzegovina,0.4151,3106abc8-520f-4d7d-8102-c2e3fc4c4bdc,2025-06-05 22:12:32.42104
396,Brčko,Bosnia and Herzegovina,0.2838,3106abc8-520f-4d7d-8102-c2e3fc4c4bdc,2025-06-05 22:12:32.42104
397,Mostar,Bosnia and Herzegovina,0.4907,1c7754e3-d765-4601-aa56-569c51366d00,2025-06-05 22:12:32.42104
398,Banja Luka,Bosnia and Herzegovina,0.6884,1c7754e3-d765-4601-aa56-569c51366d00,2025-06-05 22:12:32.42104
399,Banja Luka,Bosnia and Herzegovina,0.3859,1c7754e3-d765-4601-aa56-569c51366d00,2025-06-05 22:12:32.42104
400,Bihać,Bosnia and Herzegovina,0.6961,704925d2-d8d6-46a3-a5cc-0e596f464ff2,2025-06-05 22:12:32.42104
401,Bihać,Bosnia and Herzegovina,0.293,cf599624-e358-46f5-a4a6-88dde07387ca,2025-06-05 22:12:32.42104
402,Tuzla,Bosnia and Herzegovina,0.4917,cf599624-e358-46f5-a4a6-88dde07387ca,2025-06-05 22:12:32.42104
403,Banja Luka,Bosnia and Herzegovina,0.5804,cf599624-e358-46f5-a4a6-88dde07387ca,2025-06-05 22:12:32.42104
404,Zenica,Bosnia and Herzegovina,0.3345,4055d782-66ad-471d-a71b-66cbf3718500,2025-06-05 22:12:32.42104
405,Tuzla,Bosnia and Herzegovina,0.6929,4055d782-66ad-471d-a71b-66cbf3718500,2025-06-05 22:12:32.42104
406,Brčko,Bosnia and Herzegovina,0.4272,cd9fff94-9fc5-470a-aa56-3b95e363a90f,2025-06-05 22:12:32.42104
407,Zenica,Bosnia and Herzegovina,0.5305,cd9fff94-9fc5-470a-aa56-3b95e363a90f,2025-06-05 22:12:32.42104
408,Tuzla,Bosnia and Herzegovina,0.0698,cd9fff94-9fc5-470a-aa56-3b95e363a90f,2025-06-05 22:12:32.42104
409,Zenica,Bosnia and Herzegovina,0.3704,42729a20-3d6a-495b-8a0c-05c53eaa6014,2025-06-05 22:12:32.42104
410,Mostar,Bosnia and Herzegovina,0.5101,480c9e1e-9085-4ebc-aefe-65555bde0bd7,2025-06-05 22:12:32.42104
411,Bihać,Bosnia and Herzegovina,0.3504,c60b0bd4-0fcd-4ee4-a7e8-34d10c55e9d4,2025-06-05 22:12:32.42104
412,Brčko,Bosnia and Herzegovina,0.5343,45ea2ba6-33c0-4328-a6ce-1793dff5caab,2025-06-05 22:12:32.42104
413,Mostar,Bosnia and Herzegovina,0.1866,51f24690-56fd-45ec-8891-140fb3e038bf,2025-06-05 22:12:32.42104
414,Zenica,Bosnia and Herzegovina,0.5825,41a14a16-76a0-4d50-9e02-2933d7cab40b,2025-06-05 22:12:32.42104
415,Bihać,Bosnia and Herzegovina,0.1671,41a14a16-76a0-4d50-9e02-2933d7cab40b,2025-06-05 22:12:32.42104
416,Mostar,Bosnia and Herzegovina,0.699,41a14a16-76a0-4d50-9e02-2933d7cab40b,2025-06-05 22:12:32.42104
417,Brčko,Bosnia and Herzegovina,0.3098,5c289c43-eea2-45a4-a39d-d2fc886acd13,2025-06-05 22:12:32.42104
418,Zenica,Bosnia and Herzegovina,0.1457,d2ecf6b6-6f49-406f-8e41-787e697496ab,2025-06-05 22:12:32.42104
419,Bihać,Bosnia and Herzegovina,0.3195,d2ecf6b6-6f49-406f-8e41-787e697496ab,2025-06-05 22:12:32.42104
420,Zenica,Bosnia and Herzegovina,0.1688,10b165d6-7110-4df1-bbff-da237ece64d3,2025-06-05 22:12:32.42104
421,Tuzla,Bosnia and Herzegovina,0.5802,2e0fd46b-cd65-4f52-af85-7e4170abbd29,2025-06-05 22:12:32.42104
422,Mostar,Bosnia and Herzegovina,0.3835,2e0fd46b-cd65-4f52-af85-7e4170abbd29,2025-06-05 22:12:32.42104
423,Banja Luka,Bosnia and Herzegovina,0.514,67d519c2-b0a8-4a4f-9b9f-2865ce9733b0,2025-06-05 22:12:32.42104
424,Bihać,Bosnia and Herzegovina,0.6463,2853dd9a-07cf-4b2e-8b44-0c604a0d0595,2025-06-05 22:12:32.42104
425,Zenica,Bosnia and Herzegovina,0.1506,2853dd9a-07cf-4b2e-8b44-0c604a0d0595,2025-06-05 22:12:32.42104
426,Mostar,Bosnia and Herzegovina,0.4303,2853dd9a-07cf-4b2e-8b44-0c604a0d0595,2025-06-05 22:12:32.42104
427,Banja Luka,Bosnia and Herzegovina,0.1674,ac2145b3-e649-4267-978b-766d048bc7cf,2025-06-05 22:12:32.42104
428,Bihać,Bosnia and Herzegovina,0.407,ac2145b3-e649-4267-978b-766d048bc7cf,2025-06-05 22:12:32.42104
429,Sarajevo,Bosnia and Herzegovina,0.3691,97b50139-e963-4db2-b1c8-28e622677bda,2025-06-05 22:12:32.42104
430,Brčko,Bosnia and Herzegovina,0.0724,57536395-2d8f-4d74-b863-ce340235c91f,2025-06-05 22:12:32.42104
431,Brčko,Bosnia and Herzegovina,0.4542,2abe2887-a13b-4522-b188-e809efd6a85a,2025-06-05 22:12:32.42104
432,Mostar,Bosnia and Herzegovina,0.2246,2abe2887-a13b-4522-b188-e809efd6a85a,2025-06-05 22:12:32.42104
433,Brčko,Bosnia and Herzegovina,0.295,2abe2887-a13b-4522-b188-e809efd6a85a,2025-06-05 22:12:32.42104
434,Tuzla,Bosnia and Herzegovina,0.1066,9290c956-665d-4875-ad7c-a331d6b81806,2025-06-05 22:12:32.42104
435,Banja Luka,Bosnia and Herzegovina,0.6366,9290c956-665d-4875-ad7c-a331d6b81806,2025-06-05 22:12:32.42104
436,Bihać,Bosnia and Herzegovina,0.5027,1177a7d5-5ab1-45c1-868f-bb4cb50d4102,2025-06-05 22:12:32.42104
437,Sarajevo,Bosnia and Herzegovina,0.5716,1177a7d5-5ab1-45c1-868f-bb4cb50d4102,2025-06-05 22:12:32.42104
438,Bihać,Bosnia and Herzegovina,0.4187,1177a7d5-5ab1-45c1-868f-bb4cb50d4102,2025-06-05 22:12:32.42104
439,Tuzla,Bosnia and Herzegovina,0.3169,4f51bf65-e89a-48c4-80f1-b9abbc6449fc,2025-06-05 22:12:32.42104
440,Brčko,Bosnia and Herzegovina,0.082,3a32e3c6-aa88-4a0f-a19b-c6e9430276fb,2025-06-05 22:12:32.42104
441,Mostar,Bosnia and Herzegovina,0.1425,3a32e3c6-aa88-4a0f-a19b-c6e9430276fb,2025-06-05 22:12:32.42104
442,Zenica,Bosnia and Herzegovina,0.65,338ee2aa-7211-444b-b2ac-f6176d934304,2025-06-05 22:12:32.42104
443,Sarajevo,Bosnia and Herzegovina,0.6488,c166d053-2dbf-4f6b-ab34-44bc3291ef01,2025-06-05 22:12:32.42104
444,Bihać,Bosnia and Herzegovina,0.6337,c166d053-2dbf-4f6b-ab34-44bc3291ef01,2025-06-05 22:12:32.42104
445,Tuzla,Bosnia and Herzegovina,0.2898,c166d053-2dbf-4f6b-ab34-44bc3291ef01,2025-06-05 22:12:32.42104
446,Sarajevo,Bosnia and Herzegovina,0.1051,f5d2bc83-4389-480b-8fac-08721ebb8988,2025-06-05 22:12:32.42104
447,Mostar,Bosnia and Herzegovina,0.2414,f5d2bc83-4389-480b-8fac-08721ebb8988,2025-06-05 22:12:32.42104
448,Brčko,Bosnia and Herzegovina,0.4938,6a9184b7-938a-43c8-a456-d6839aa4d654,2025-06-05 22:12:32.42104
449,Mostar,Bosnia and Herzegovina,0.5652,6a9184b7-938a-43c8-a456-d6839aa4d654,2025-06-05 22:12:32.42104
450,Tuzla,Bosnia and Herzegovina,0.2797,6a9184b7-938a-43c8-a456-d6839aa4d654,2025-06-05 22:12:32.42104
451,Zenica,Bosnia and Herzegovina,0.0628,8d898cd4-f0fd-42eb-83fa-7fcf9578a303,2025-06-05 22:12:32.42104
452,Sarajevo,Bosnia and Herzegovina,0.3711,8d898cd4-f0fd-42eb-83fa-7fcf9578a303,2025-06-05 22:12:32.42104
453,Brčko,Bosnia and Herzegovina,0.6493,6b39e6ce-3639-432a-bf7f-11c8c2520072,2025-06-05 22:12:32.42104
454,Brčko,Bosnia and Herzegovina,0.2233,6b39e6ce-3639-432a-bf7f-11c8c2520072,2025-06-05 22:12:32.42104
455,Bihać,Bosnia and Herzegovina,0.3955,6b39e6ce-3639-432a-bf7f-11c8c2520072,2025-06-05 22:12:32.42104
456,Sarajevo,Bosnia and Herzegovina,0.3201,a3ccdb07-1eae-4a86-92e4-d62b0ddd1d97,2025-06-05 22:12:32.42104
457,Zenica,Bosnia and Herzegovina,0.1122,4d533c7f-f0ed-4578-afd9-bafe1046c169,2025-06-05 22:12:32.42104
458,Brčko,Bosnia and Herzegovina,0.4186,e133abf7-befd-42c4-aa88-ab1493440aed,2025-06-05 22:12:32.42104
459,Zenica,Bosnia and Herzegovina,0.6174,e133abf7-befd-42c4-aa88-ab1493440aed,2025-06-05 22:12:32.42104
460,Banja Luka,Bosnia and Herzegovina,0.4846,9571481b-98a9-42c1-822d-ec0155eaa0b8,2025-06-05 22:12:32.42104
461,Tuzla,Bosnia and Herzegovina,0.2509,798368bd-fe6d-4e1c-b1d4-d4fa5525de36,2025-06-05 22:12:32.42104
462,Tuzla,Bosnia and Herzegovina,0.5918,798368bd-fe6d-4e1c-b1d4-d4fa5525de36,2025-06-05 22:12:32.42104
463,Banja Luka,Bosnia and Herzegovina,0.4225,798368bd-fe6d-4e1c-b1d4-d4fa5525de36,2025-06-05 22:12:32.42104
464,Bihać,Bosnia and Herzegovina,0.5303,22e6559d-6bcd-482e-b6ff-6729ebf02d3b,2025-06-05 22:12:32.42104
465,Sarajevo,Bosnia and Herzegovina,0.3411,22e6559d-6bcd-482e-b6ff-6729ebf02d3b,2025-06-05 22:12:32.42104
466,Brčko,Bosnia and Herzegovina,0.4612,22e6559d-6bcd-482e-b6ff-6729ebf02d3b,2025-06-05 22:12:32.42104
467,Brčko,Bosnia and Herzegovina,0.3359,90a4fee2-6857-4401-bc9d-4f523976a374,2025-06-05 22:12:32.42104
468,Banja Luka,Bosnia and Herzegovina,0.2663,90a4fee2-6857-4401-bc9d-4f523976a374,2025-06-05 22:12:32.42104
469,Zenica,Bosnia and Herzegovina,0.3605,ed02289c-760f-4f7c-a107-ccd0fd9eb941,2025-06-05 22:12:32.42104
470,Brčko,Bosnia and Herzegovina,0.2649,ed02289c-760f-4f7c-a107-ccd0fd9eb941,2025-06-05 22:12:32.42104
471,Zenica,Bosnia and Herzegovina,0.6605,ed02289c-760f-4f7c-a107-ccd0fd9eb941,2025-06-05 22:12:32.42104
472,Sarajevo,Bosnia and Herzegovina,0.1419,6a5c855c-3e1e-4c96-a90f-e141adb7dcbc,2025-06-05 22:12:32.42104
473,Mostar,Bosnia and Herzegovina,0.224,e0412b5b-42d5-4667-8b24-e9184fc4a42e,2025-06-05 22:12:32.42104
474,Sarajevo,Bosnia and Herzegovina,0.1915,f44ba501-7dba-4e97-a662-8398c32f4bdf,2025-06-05 22:12:32.42104
475,Tuzla,Bosnia and Herzegovina,0.4956,f44ba501-7dba-4e97-a662-8398c32f4bdf,2025-06-05 22:12:32.42104
476,Brčko,Bosnia and Herzegovina,0.5051,079ddedd-06d3-494c-863a-f5dad670cd76,2025-06-05 22:12:32.42104
477,Banja Luka,Bosnia and Herzegovina,0.6721,49f9af9e-4530-41fc-82cf-06ff4e9699a3,2025-06-05 22:12:32.42104
478,Mostar,Bosnia and Herzegovina,0.3863,49f9af9e-4530-41fc-82cf-06ff4e9699a3,2025-06-05 22:12:32.42104
479,Mostar,Bosnia and Herzegovina,0.1713,49f9af9e-4530-41fc-82cf-06ff4e9699a3,2025-06-05 22:12:32.42104
480,Brčko,Bosnia and Herzegovina,0.1727,4aa03157-5299-4b2e-8e1d-dab21ed2d2dc,2025-06-05 22:12:32.42104
481,Brčko,Bosnia and Herzegovina,0.6269,4aa03157-5299-4b2e-8e1d-dab21ed2d2dc,2025-06-05 22:12:32.42104
482,Tuzla,Bosnia and Herzegovina,0.2782,4aa03157-5299-4b2e-8e1d-dab21ed2d2dc,2025-06-05 22:12:32.42104
483,Brčko,Bosnia and Herzegovina,0.5821,94191f8a-f528-424c-82ed-2f009819efce,2025-06-05 22:12:32.42104
484,Bihać,Bosnia and Herzegovina,0.1,94191f8a-f528-424c-82ed-2f009819efce,2025-06-05 22:12:32.42104
485,Brčko,Bosnia and Herzegovina,0.3807,94191f8a-f528-424c-82ed-2f009819efce,2025-06-05 22:12:32.42104
486,Tuzla,Bosnia and Herzegovina,0.2012,dc7bfc62-7a5f-46eb-bb94-3b3cab912bce,2025-06-05 22:12:32.42104
487,Sarajevo,Bosnia and Herzegovina,0.4851,dc7bfc62-7a5f-46eb-bb94-3b3cab912bce,2025-06-05 22:12:32.42104
488,Banja Luka,Bosnia and Herzegovina,0.4626,d923c10c-88e9-4818-8fd3-c19704e375d9,2025-06-05 22:12:32.42104
489,Tuzla,Bosnia and Herzegovina,0.2432,d923c10c-88e9-4818-8fd3-c19704e375d9,2025-06-05 22:12:32.42104
490,Tuzla,Bosnia and Herzegovina,0.6582,7c5722a0-eaf4-4946-831e-9021d0bd4d67,2025-06-05 22:12:32.42104
491,Mostar,Bosnia and Herzegovina,0.6102,7c5722a0-eaf4-4946-831e-9021d0bd4d67,2025-06-05 22:12:32.42104
492,Zenica,Bosnia and Herzegovina,0.5934,d82611c2-609c-4037-9413-bca11d692cd6,2025-06-05 22:12:32.42104
493,Brčko,Bosnia and Herzegovina,0.4553,82bb5a59-2d8b-4702-81f8-af014cf50f60,2025-06-05 22:12:32.42104
494,Sarajevo,Bosnia and Herzegovina,0.2413,82bb5a59-2d8b-4702-81f8-af014cf50f60,2025-06-05 22:12:32.42104
495,Mostar,Bosnia and Herzegovina,0.6298,6ce7dbc7-6f84-4746-bc1a-ef8467159601,2025-06-05 22:12:32.42104
496,Brčko,Bosnia and Herzegovina,0.3042,1e3e8c24-6536-46f9-bb04-e48919ac72ca,2025-06-05 22:12:32.42104
497,Zenica,Bosnia and Herzegovina,0.1758,27b56b39-0c8f-4766-847a-315b176188e3,2025-06-05 22:12:32.42104
498,Brčko,Bosnia and Herzegovina,0.2711,27b56b39-0c8f-4766-847a-315b176188e3,2025-06-05 22:12:32.42104
499,Sarajevo,Bosnia and Herzegovina,0.3653,e725da81-2784-4a2a-94d8-91dbf02bc1f5,2025-06-05 22:12:32.42104
500,Brčko,Bosnia and Herzegovina,0.198,e725da81-2784-4a2a-94d8-91dbf02bc1f5,2025-06-05 22:12:32.42104
501,Sarajevo,Bosnia and Herzegovina,0.0564,e725da81-2784-4a2a-94d8-91dbf02bc1f5,2025-06-05 22:12:32.42104
502,Bihać,Bosnia and Herzegovina,0.545,d3d20d31-a89f-45e0-abbe-7b1f5c2f779a,2025-06-05 22:12:32.42104
503,Brčko,Bosnia and Herzegovina,0.4643,d3d20d31-a89f-45e0-abbe-7b1f5c2f779a,2025-06-05 22:12:32.42104
504,Tuzla,Bosnia and Herzegovina,0.645,99ab316e-8a11-43dc-ae58-62e89c14682c,2025-06-05 22:12:32.42104
505,Bihać,Bosnia and Herzegovina,0.3883,000890a0-0486-4124-9277-cc4d4159815a,2025-06-05 22:12:32.42104
506,Bihać,Bosnia and Herzegovina,0.2196,27864e44-6497-4ce1-a549-681e682e0376,2025-06-05 22:12:32.42104
507,Bihać,Bosnia and Herzegovina,0.223,27864e44-6497-4ce1-a549-681e682e0376,2025-06-05 22:12:32.42104
508,Zenica,Bosnia and Herzegovina,0.612,52bf1bd0-5ce3-4360-9ce1-a14a425e25f7,2025-06-05 22:12:32.42104
509,Banja Luka,Bosnia and Herzegovina,0.3365,52bf1bd0-5ce3-4360-9ce1-a14a425e25f7,2025-06-05 22:12:32.42104
510,Brčko,Bosnia and Herzegovina,0.1264,f3477432-d4bd-43a7-a083-cf110e8dba31,2025-06-05 22:12:32.42104
511,Mostar,Bosnia and Herzegovina,0.3321,f3477432-d4bd-43a7-a083-cf110e8dba31,2025-06-05 22:12:32.42104
512,Mostar,Bosnia and Herzegovina,0.5908,f3477432-d4bd-43a7-a083-cf110e8dba31,2025-06-05 22:12:32.42104
513,Zenica,Bosnia and Herzegovina,0.4943,1485bf74-e953-4bc5-8cac-bd8c9f614bfe,2025-06-05 22:12:32.42104
514,Zenica,Bosnia and Herzegovina,0.6274,1485bf74-e953-4bc5-8cac-bd8c9f614bfe,2025-06-05 22:12:32.42104
515,Brčko,Bosnia and Herzegovina,0.2123,1485bf74-e953-4bc5-8cac-bd8c9f614bfe,2025-06-05 22:12:32.42104
516,Zenica,Bosnia and Herzegovina,0.3479,14ff25bd-803c-404f-b5fc-de64a65d9054,2025-06-05 22:12:32.42104
517,Bihać,Bosnia and Herzegovina,0.1444,14ff25bd-803c-404f-b5fc-de64a65d9054,2025-06-05 22:12:32.42104
518,Brčko,Bosnia and Herzegovina,0.2502,e2c50e98-53a5-4df7-b41f-d976bef71969,2025-06-05 22:12:32.42104
519,Bihać,Bosnia and Herzegovina,0.152,e2c50e98-53a5-4df7-b41f-d976bef71969,2025-06-05 22:12:32.42104
520,Brčko,Bosnia and Herzegovina,0.4112,e2c50e98-53a5-4df7-b41f-d976bef71969,2025-06-05 22:12:32.42104
521,Zenica,Bosnia and Herzegovina,0.2672,8c7b8baa-b1a9-4195-b97c-ffc627bb0ebc,2025-06-05 22:12:32.42104
522,Brčko,Bosnia and Herzegovina,0.0632,ffd65529-01b0-4413-b8ef-6464c00f09e8,2025-06-05 22:12:32.42104
523,Tuzla,Bosnia and Herzegovina,0.563,ffd65529-01b0-4413-b8ef-6464c00f09e8,2025-06-05 22:12:32.42104
524,Mostar,Bosnia and Herzegovina,0.3943,d1a0724c-d80e-4033-9398-ad5bf12bac75,2025-06-05 22:12:32.42104
525,Tuzla,Bosnia and Herzegovina,0.1907,d1a0724c-d80e-4033-9398-ad5bf12bac75,2025-06-05 22:12:32.42104
526,Sarajevo,Bosnia and Herzegovina,0.1853,eea17e97-d1ac-4818-aa7e-82999dd5a283,2025-06-05 22:12:32.42104
527,Bihać,Bosnia and Herzegovina,0.3012,c0d6869a-c279-4f70-957e-49714138e946,2025-06-05 22:12:32.42104
528,Banja Luka,Bosnia and Herzegovina,0.452,7deeadf3-f231-499e-a429-1e20b24324bd,2025-06-05 22:12:32.42104
529,Zenica,Bosnia and Herzegovina,0.0515,7deeadf3-f231-499e-a429-1e20b24324bd,2025-06-05 22:12:32.42104
530,Banja Luka,Bosnia and Herzegovina,0.4859,7deeadf3-f231-499e-a429-1e20b24324bd,2025-06-05 22:12:32.42104
531,Banja Luka,Bosnia and Herzegovina,0.4934,f9572025-fdfe-4d76-8991-03a2e31b8bdc,2025-06-05 22:12:32.42104
532,Mostar,Bosnia and Herzegovina,0.6095,f9572025-fdfe-4d76-8991-03a2e31b8bdc,2025-06-05 22:12:32.42104
533,Mostar,Bosnia and Herzegovina,0.4682,f9572025-fdfe-4d76-8991-03a2e31b8bdc,2025-06-05 22:12:32.42104
534,Banja Luka,Bosnia and Herzegovina,0.1521,f99c555f-294b-44c9-8b17-9166a6740073,2025-06-05 22:12:32.42104
535,Mostar,Bosnia and Herzegovina,0.6991,298213c7-c9db-40fa-ba8a-068d24cc4f2f,2025-06-05 22:12:32.42104
536,Sarajevo,Bosnia and Herzegovina,0.2781,298213c7-c9db-40fa-ba8a-068d24cc4f2f,2025-06-05 22:12:32.42104
537,Banja Luka,Bosnia and Herzegovina,0.0523,298213c7-c9db-40fa-ba8a-068d24cc4f2f,2025-06-05 22:12:32.42104
538,Zenica,Bosnia and Herzegovina,0.1213,1ac2b3f9-3744-4d9a-8a86-82b36ab9463d,2025-06-05 22:12:32.42104
539,Bihać,Bosnia and Herzegovina,0.1706,1ac2b3f9-3744-4d9a-8a86-82b36ab9463d,2025-06-05 22:12:32.42104
540,Zenica,Bosnia and Herzegovina,0.4294,07ff9114-2c04-4a7c-bb33-7decb2334f1d,2025-06-05 22:12:32.42104
541,Tuzla,Bosnia and Herzegovina,0.3929,07ff9114-2c04-4a7c-bb33-7decb2334f1d,2025-06-05 22:12:32.42104
542,Banja Luka,Bosnia and Herzegovina,0.1766,07ff9114-2c04-4a7c-bb33-7decb2334f1d,2025-06-05 22:12:32.42104
543,Brčko,Bosnia and Herzegovina,0.5908,963fa3ca-7892-4f2f-a6f8-09b1e84a6a3e,2025-06-05 22:12:32.42104
544,Bihać,Bosnia and Herzegovina,0.5843,963fa3ca-7892-4f2f-a6f8-09b1e84a6a3e,2025-06-05 22:12:32.42104
545,Zenica,Bosnia and Herzegovina,0.2196,94406192-c53f-4822-ad92-393fc2e68da9,2025-06-05 22:12:32.42104
546,Bihać,Bosnia and Herzegovina,0.5972,94406192-c53f-4822-ad92-393fc2e68da9,2025-06-05 22:12:32.42104
547,Tuzla,Bosnia and Herzegovina,0.6294,94406192-c53f-4822-ad92-393fc2e68da9,2025-06-05 22:12:32.42104
548,Mostar,Bosnia and Herzegovina,0.6007,e455055b-9e50-42de-80c1-1d9449d938da,2025-06-05 22:12:32.42104
549,Sarajevo,Bosnia and Herzegovina,0.4738,e455055b-9e50-42de-80c1-1d9449d938da,2025-06-05 22:12:32.42104
550,Brčko,Bosnia and Herzegovina,0.2771,d9983ba4-0dee-41d2-88b2-084ab898d52e,2025-06-05 22:12:32.42104
551,Tuzla,Bosnia and Herzegovina,0.2017,d9983ba4-0dee-41d2-88b2-084ab898d52e,2025-06-05 22:12:32.42104
552,Bihać,Bosnia and Herzegovina,0.3114,d9983ba4-0dee-41d2-88b2-084ab898d52e,2025-06-05 22:12:32.42104
553,Banja Luka,Bosnia and Herzegovina,0.275,28541d01-8f48-4e5f-92df-2aab427d8b44,2025-06-05 22:12:32.42104
554,Zenica,Bosnia and Herzegovina,0.1201,28541d01-8f48-4e5f-92df-2aab427d8b44,2025-06-05 22:12:32.42104
555,Brčko,Bosnia and Herzegovina,0.4241,28541d01-8f48-4e5f-92df-2aab427d8b44,2025-06-05 22:12:32.42104
556,Banja Luka,Bosnia and Herzegovina,0.5014,08a070bb-f8e6-4964-a068-fdfa6b4025c3,2025-06-05 22:12:32.42104
557,Sarajevo,Bosnia and Herzegovina,0.3446,d5ddc1d8-dc74-4878-91f4-f6df81140134,2025-06-05 22:12:32.42104
558,Mostar,Bosnia and Herzegovina,0.4956,4615cf24-9626-4e64-9327-1164fb60dd76,2025-06-05 22:12:32.42104
559,Sarajevo,Bosnia and Herzegovina,0.4539,4615cf24-9626-4e64-9327-1164fb60dd76,2025-06-05 22:12:32.42104
560,Mostar,Bosnia and Herzegovina,0.642,4615cf24-9626-4e64-9327-1164fb60dd76,2025-06-05 22:12:32.42104
561,Banja Luka,Bosnia and Herzegovina,0.2111,29cb5f1b-31fd-4cb0-84d6-0cc45cbed8ef,2025-06-05 22:12:32.42104
562,Zenica,Bosnia and Herzegovina,0.324,29cb5f1b-31fd-4cb0-84d6-0cc45cbed8ef,2025-06-05 22:12:32.42104
563,Zenica,Bosnia and Herzegovina,0.2584,29cb5f1b-31fd-4cb0-84d6-0cc45cbed8ef,2025-06-05 22:12:32.42104
564,Zenica,Bosnia and Herzegovina,0.0645,1d34b7ab-e1a0-461b-b759-0da12b0fa6c0,2025-06-05 22:12:32.42104
565,Zenica,Bosnia and Herzegovina,0.6442,1d34b7ab-e1a0-461b-b759-0da12b0fa6c0,2025-06-05 22:12:32.42104
566,Tuzla,Bosnia and Herzegovina,0.3767,5f8583d7-9fff-4498-852d-f232ee818b63,2025-06-05 22:12:32.42104
567,Mostar,Bosnia and Herzegovina,0.6264,0c31576c-dec3-4d1a-9343-cf14072d5843,2025-06-05 22:12:32.42104
568,Brčko,Bosnia and Herzegovina,0.4944,0c31576c-dec3-4d1a-9343-cf14072d5843,2025-06-05 22:12:32.42104
569,Tuzla,Bosnia and Herzegovina,0.5978,751f5f3b-124a-412c-8ff2-976de6523f5b,2025-06-05 22:12:32.42104
570,Mostar,Bosnia and Herzegovina,0.3516,751f5f3b-124a-412c-8ff2-976de6523f5b,2025-06-05 22:12:32.42104
571,Banja Luka,Bosnia and Herzegovina,0.2075,751f5f3b-124a-412c-8ff2-976de6523f5b,2025-06-05 22:12:32.42104
572,Sarajevo,Bosnia and Herzegovina,0.3169,f80ce8d3-abbc-4598-94ac-d8c921f32c66,2025-06-05 22:12:32.42104
573,Banja Luka,Bosnia and Herzegovina,0.285,f80ce8d3-abbc-4598-94ac-d8c921f32c66,2025-06-05 22:12:32.42104
574,Tuzla,Bosnia and Herzegovina,0.3869,5d0111d6-f371-4096-ae70-ffe6934c0b47,2025-06-05 22:12:32.42104
575,Tuzla,Bosnia and Herzegovina,0.243,5d0111d6-f371-4096-ae70-ffe6934c0b47,2025-06-05 22:12:32.42104
576,Brčko,Bosnia and Herzegovina,0.1621,5d0111d6-f371-4096-ae70-ffe6934c0b47,2025-06-05 22:12:32.42104
577,Brčko,Bosnia and Herzegovina,0.6207,c5e497fa-5230-4e3c-9474-6ea54e05830f,2025-06-05 22:12:32.42104
578,Brčko,Bosnia and Herzegovina,0.6617,702c835b-be36-428c-8b11-95ba256eba6c,2025-06-05 22:12:32.42104
579,Banja Luka,Bosnia and Herzegovina,0.4743,702c835b-be36-428c-8b11-95ba256eba6c,2025-06-05 22:12:32.42104
580,Mostar,Bosnia and Herzegovina,0.2748,702c835b-be36-428c-8b11-95ba256eba6c,2025-06-05 22:12:32.42104
581,Banja Luka,Bosnia and Herzegovina,0.1699,65ba2154-b546-4409-8dc8-bd457bb112d4,2025-06-05 22:12:32.42104
582,Bihać,Bosnia and Herzegovina,0.6557,65ba2154-b546-4409-8dc8-bd457bb112d4,2025-06-05 22:12:32.42104
583,Bihać,Bosnia and Herzegovina,0.5473,ec1c3d97-2369-4b83-ab5b-3b8461199193,2025-06-05 22:12:32.42104
584,Brčko,Bosnia and Herzegovina,0.1345,ec1c3d97-2369-4b83-ab5b-3b8461199193,2025-06-05 22:12:32.42104
585,Tuzla,Bosnia and Herzegovina,0.4897,ec1c3d97-2369-4b83-ab5b-3b8461199193,2025-06-05 22:12:32.42104
586,Banja Luka,Bosnia and Herzegovina,0.4315,012349b2-8921-43a2-9909-d18384a78c67,2025-06-05 22:12:32.42104
587,Brčko,Bosnia and Herzegovina,0.3078,012349b2-8921-43a2-9909-d18384a78c67,2025-06-05 22:12:32.42104
588,Mostar,Bosnia and Herzegovina,0.137,012349b2-8921-43a2-9909-d18384a78c67,2025-06-05 22:12:32.42104
589,Mostar,Bosnia and Herzegovina,0.5632,5bbbf6b2-3411-4bf7-8d0b-989e4c7ff8a6,2025-06-05 22:12:32.42104
590,Zenica,Bosnia and Herzegovina,0.3463,ce8db896-f1d7-4bef-9add-ad7ecc795767,2025-06-05 22:12:32.42104
591,Mostar,Bosnia and Herzegovina,0.5272,679cc3a7-0cf6-44ce-83b0-d32101939b6b,2025-06-05 22:12:32.42104
592,Sarajevo,Bosnia and Herzegovina,0.4425,09e26718-a4a0-4d71-8a3c-69b2c109f2dd,2025-06-05 22:12:32.42104
593,Tuzla,Bosnia and Herzegovina,0.2108,40abf783-dac1-4e6a-a722-a8bd53d53401,2025-06-05 22:12:32.42104
594,Sarajevo,Bosnia and Herzegovina,0.5908,40abf783-dac1-4e6a-a722-a8bd53d53401,2025-06-05 22:12:32.42104
595,Mostar,Bosnia and Herzegovina,0.5929,40abf783-dac1-4e6a-a722-a8bd53d53401,2025-06-05 22:12:32.42104
596,Sarajevo,Bosnia and Herzegovina,0.4499,5471f41c-ee1d-471a-8d90-66b539e69fb8,2025-06-05 22:12:32.42104
597,Sarajevo,Bosnia and Herzegovina,0.6896,d3ceac4b-c950-40cf-b3b4-c1b4839e52df,2025-06-05 22:12:32.42104
598,Banja Luka,Bosnia and Herzegovina,0.4075,a3ebb7f1-c6a7-4d67-a777-a34c4ee2e9c7,2025-06-05 22:12:32.42104
599,Zenica,Bosnia and Herzegovina,0.2216,451ac7d6-9dd5-4b35-bc9c-ec21e4b23c0b,2025-06-05 22:12:32.42104
