id,name,industry,created_at,updated_at
05bd26a2-e08f-40e6-a350-6f33b1aa7468,GreenSolutions,Tech,2024-09-22 00:00:00,2025-06-05 22:12:32.42104
8793806d-18a2-4f9f-a9f3-9d2e2a05b4d5,EcoCorp,Retail,2024-10-28 00:00:00,2025-06-05 22:12:32.42104
8267d73b-4f33-4b22-96dd-3193c5dc6262,EcoGroup,Healthcare,2024-07-06 00:00:00,2025-06-05 22:12:32.42104
31c07eda-d07b-4212-81ba-ae95e206611f,TechCorp,Logistics,2024-11-06 00:00:00,2025-06-05 22:12:32.42104
b48d0d3d-145e-4a1f-aabd-a057115175d7,NovaSolutions,Energy,2024-02-13 00:00:00,2025-06-05 22:12:32.42104
fb56bf82-00d8-40f0-a10a-2037546c806f,TechCorp,Manufacturing,2024-12-19 00:00:00,2025-06-05 22:12:32.42104
99f9a6b3-8b92-477a-9f71-e349a1966b2f,NovaSolutions,Manufacturing,2024-03-18 00:00:00,2025-06-05 22:12:32.42104
d4ac0185-dcdd-486d-b91a-a2e7f5d5b26a,GreenGroup,Healthcare,2024-11-19 00:00:00,2025-06-05 22:12:32.42104
0cc48750-ca6d-45d1-8a5b-e6ef0d57202f,EcoGroup,Energy,2024-09-16 00:00:00,2025-06-05 22:12:32.42104
99f8ac4b-8310-4503-85c3-04e56831b8f0,GreenSolutions,Manufacturing,2024-05-27 00:00:00,2025-06-05 22:12:32.42104
bd2c9d36-adab-40d8-a936-9c795390aad0,TechCorp,Logistics,2024-03-26 00:00:00,2025-06-05 22:12:32.42104
7f6d3ce0-cb5e-43b4-a6b2-6d359b6d32a9,NovaGroup,Retail,2024-09-09 00:00:00,2025-06-05 22:12:32.42104
a5489960-9c97-4bc9-8ae2-4d27b5f7f7ed,NovaGroup,Finance,2024-11-26 00:00:00,2025-06-05 22:12:32.42104
37cfe586-35c2-4684-8cd1-9670ece7917a,GreenGroup,Manufacturing,2024-11-02 00:00:00,2025-06-05 22:12:32.42104
9662e075-6639-4da4-a2b8-bd42a0d00f73,EcoCorp,Logistics,2024-06-22 00:00:00,2025-06-05 22:12:32.42104
1e5ae22a-eb45-4b85-8fc2-88595738f57a,NovaSolutions,Manufacturing,2024-10-18 00:00:00,2025-06-05 22:12:32.42104
e81e0755-379f-42ee-92c1-3ec1ac0775ee,NovaGroup,Finance,2024-12-02 00:00:00,2025-06-05 22:12:32.42104
c9781bb8-c7d3-4d1a-9b21-6a803c50a4e7,TechCorp,Finance,2024-08-06 00:00:00,2025-06-05 22:12:32.42104
20ec0172-f337-49c5-bcc8-0985bb4f51d0,EcoSolutions,Healthcare,2024-01-03 00:00:00,2025-06-05 22:12:32.42104
be1b9044-e519-4c6d-b771-0d6eb56b902a,EcoGroup,Healthcare,2024-12-18 00:00:00,2025-06-05 22:12:32.42104
ad2388b6-e1cf-4738-8bf6-e3c7ffd68c3e,TechCorp,Energy,2024-06-11 00:00:00,2025-06-05 22:12:32.42104
45200849-c7d4-4859-8846-3329126a83c9,EcoGroup,Manufacturing,2024-12-02 00:00:00,2025-06-05 22:12:32.42104
63a5f4f5-1f85-4dd0-8d76-33cd92ed7049,NovaCorp,Healthcare,2024-09-15 00:00:00,2025-06-05 22:12:32.42104
3c574859-cfdc-4e3d-9e48-0c205a9365fa,GreenGroup,Manufacturing,2024-09-27 00:00:00,2025-06-05 22:12:32.42104
0d01041f-527a-4ec6-8b41-96e7464e1a15,EcoCorp,Finance,2024-06-11 00:00:00,2025-06-05 22:12:32.42104
3a3a57d1-a706-4ad5-a117-cb832798e65a,EcoSolutions,Logistics,2024-09-11 00:00:00,2025-06-05 22:12:32.42104
bb46622e-fbd7-473c-9ceb-5d358eab340c,GreenGroup,Manufacturing,2024-03-01 00:00:00,2025-06-05 22:12:32.42104
c9d66745-e67b-455d-8c1d-7bb43f9bda61,GreenGroup,Energy,2024-01-08 00:00:00,2025-06-05 22:12:32.42104
20517b0f-5898-4d58-a4ec-7a042cbee551,NovaGroup,Retail,2024-03-28 00:00:00,2025-06-05 22:12:32.42104
8364e620-3359-4aaa-ab3a-219d2fa30130,NovaCorp,Retail,2024-09-12 00:00:00,2025-06-05 22:12:32.42104
917b1eb3-5040-42a9-903c-1b8979f51349,TechGroup,Retail,2024-12-27 00:00:00,2025-06-05 22:12:32.42104
28a14694-aea4-4073-85b2-44c37b11c0a0,EcoSolutions,Tech,2024-07-18 00:00:00,2025-06-05 22:12:32.42104
4c9b7e97-0030-49cf-8d7b-65e41f13a8aa,NovaSolutions,Manufacturing,2024-12-13 00:00:00,2025-06-05 22:12:32.42104
f3d5cf6a-6d7b-477b-a26f-0f05336735a9,TechCorp,Energy,2024-06-28 00:00:00,2025-06-05 22:12:32.42104
7c712e4c-329d-4853-97c5-349e6d614377,EcoSolutions,Finance,2024-01-09 00:00:00,2025-06-05 22:12:32.42104
aecf8e86-a68f-4c49-afcf-1e23869c36c5,GreenSolutions,Tech,2024-04-07 00:00:00,2025-06-05 22:12:32.42104
b1a8a03b-774e-4e88-a566-bcd9b81ab826,GreenSolutions,Tech,2024-03-16 00:00:00,2025-06-05 22:12:32.42104
3584bf27-e917-44c0-a2e1-573f464db7e4,EcoSolutions,Tech,2024-09-28 00:00:00,2025-06-05 22:12:32.42104
9f2a737b-22bc-466c-952e-079863e04a32,EcoGroup,Healthcare,2024-09-18 00:00:00,2025-06-05 22:12:32.42104
814ccceb-876c-4485-a7da-812cf02ada3b,GreenSolutions,Logistics,2024-10-16 00:00:00,2025-06-05 22:12:32.42104
3b56b722-089c-42ce-8792-2db771f8989e,EcoGroup,Energy,2024-05-04 00:00:00,2025-06-05 22:12:32.42104
c7ff4932-7975-4634-a476-ad555e814c6b,TechCorp,Healthcare,2024-09-20 00:00:00,2025-06-05 22:12:32.42104
9cd20c8a-9f01-4cf5-b732-62652409c08c,TechGroup,Tech,2024-01-02 00:00:00,2025-06-05 22:12:32.42104
260a338b-268c-477f-aec3-8d2658d263a3,TechSolutions,Retail,2024-07-19 00:00:00,2025-06-05 22:12:32.42104
bf6c579c-d860-4c5f-a20d-f6191b08ef0c,EcoCorp,Finance,2024-02-13 00:00:00,2025-06-05 22:12:32.42104
d5f563bb-9a2f-41f4-8997-131cceb3dd51,TechSolutions,Finance,2024-05-20 00:00:00,2025-06-05 22:12:32.42104
f847a2f7-cba4-4093-9ea5-2dcba808a3c4,GreenSolutions,Logistics,2024-12-23 00:00:00,2025-06-05 22:12:32.42104
4a7ba69c-35b7-41c8-b30b-76424e370043,TechCorp,Manufacturing,2024-06-12 00:00:00,2025-06-05 22:12:32.42104
94d1e63b-0a59-4c41-bf92-f5b805e47cdc,EcoCorp,Manufacturing,2024-12-31 00:00:00,2025-06-05 22:12:32.42104
b0cb1479-019c-462c-a0f5-25d6381e20c5,NovaCorp,Retail,2024-10-07 00:00:00,2025-06-05 22:12:32.42104
91d1dc8a-e07f-4f2d-8dc6-bbd27dddbf2c,EcoSolutions,Energy,2024-06-22 00:00:00,2025-06-05 22:12:32.42104
56806a09-7448-461f-a21a-d40f203e536e,EcoSolutions,Finance,2024-05-09 00:00:00,2025-06-05 22:12:32.42104
55f478a7-c2c5-4174-ab36-a26ebae7a26a,TechSolutions,Energy,2024-12-03 00:00:00,2025-06-05 22:12:32.42104
022bed2d-df5a-42f5-a84a-53528093f4ba,GreenGroup,Healthcare,2024-06-21 00:00:00,2025-06-05 22:12:32.42104
36689d16-627f-4811-8fb5-e71b14e83475,EcoGroup,Energy,2024-06-06 00:00:00,2025-06-05 22:12:32.42104
f42b0971-eea8-4168-b75f-07aaee2545fa,GreenCorp,Retail,2024-02-12 00:00:00,2025-06-05 22:12:32.42104
ab36aa6c-03b5-4045-8171-23098c0bbbbf,EcoGroup,Finance,2024-09-11 00:00:00,2025-06-05 22:12:32.42104
53fde07b-f745-4660-881e-dcf5af6bb586,GreenCorp,Finance,2024-01-16 00:00:00,2025-06-05 22:12:32.42104
6f51f56a-b83c-41e1-ac69-6bfbcfe183e2,TechCorp,Finance,2024-03-27 00:00:00,2025-06-05 22:12:32.42104
4b909cff-6390-4e37-a68b-b75039b67371,TechSolutions,Retail,2024-06-22 00:00:00,2025-06-05 22:12:32.42104
324523b9-8849-4227-9bdf-abeb5b7fa3d4,GreenGroup,Retail,2024-05-10 00:00:00,2025-06-05 22:12:32.42104
4f3c24b2-e8c1-40dd-990f-819b3fc8b772,GreenGroup,Retail,2024-08-14 00:00:00,2025-06-05 22:12:32.42104
366b8bca-2a58-45de-ad0a-ac6a0c3e6cf3,TechSolutions,Retail,2024-02-27 00:00:00,2025-06-05 22:12:32.42104
b15081b9-2e8d-4a34-99cc-2632e07176ee,TechSolutions,Logistics,2024-05-22 00:00:00,2025-06-05 22:12:32.42104
f9813eea-e515-4bc2-bd3d-efa66b65cd50,GreenGroup,Finance,2024-09-12 00:00:00,2025-06-05 22:12:32.42104
e3d2df42-fa2d-4aa9-ac61-1cb83d4fcca9,EcoGroup,Logistics,2024-07-21 00:00:00,2025-06-05 22:12:32.42104
09ee65b1-8a94-4004-b83a-3bfb9dd81c51,EcoSolutions,Tech,2024-07-27 00:00:00,2025-06-05 22:12:32.42104
2a1ec284-7212-41fb-92f0-6664c906e9be,NovaCorp,Manufacturing,2024-08-29 00:00:00,2025-06-05 22:12:32.42104
3a1b85d2-a291-4fbf-9766-eb793b4107f6,TechGroup,Finance,2024-08-28 00:00:00,2025-06-05 22:12:32.42104
db284501-502f-49fe-aacd-ccaf1320ff09,TechGroup,Manufacturing,2024-07-13 00:00:00,2025-06-05 22:12:32.42104
bbbbd3e4-f36d-4e3c-9142-b01a1384621a,GreenSolutions,Tech,2024-12-10 00:00:00,2025-06-05 22:12:32.42104
a47cc7e9-2ea5-4124-931e-2a5af2c06054,GreenSolutions,Energy,2024-10-27 00:00:00,2025-06-05 22:12:32.42104
1cb65a9f-44ca-4fd1-b79a-d072d931d939,NovaSolutions,Energy,2024-04-13 00:00:00,2025-06-05 22:12:32.42104
e2f24418-9f7a-45d8-995c-6098343c4382,TechSolutions,Finance,2024-05-30 00:00:00,2025-06-05 22:12:32.42104
173d6ca6-c8c7-44cf-ac53-c00ec0a3a138,TechGroup,Logistics,2024-10-28 00:00:00,2025-06-05 22:12:32.42104
1eff065d-194e-4b75-ab65-393365a5d767,GreenGroup,Retail,2024-07-19 00:00:00,2025-06-05 22:12:32.42104
6a380cae-8c30-4870-ab0d-2cfe3559d9b4,TechGroup,Healthcare,2024-03-08 00:00:00,2025-06-05 22:12:32.42104
7a2717ea-ef32-44d0-a6a8-cbf0e760459d,NovaGroup,Finance,2024-08-14 00:00:00,2025-06-05 22:12:32.42104
52b31a94-91ad-42b3-a4d7-61143ea14bef,TechSolutions,Tech,2024-06-06 00:00:00,2025-06-05 22:12:32.42104
091a1228-a20c-4a92-9c11-bfb68c1635cd,NovaSolutions,Tech,2024-03-27 00:00:00,2025-06-05 22:12:32.42104
ec2c35d7-0d87-41f0-99d8-174207ec5cd0,TechSolutions,Finance,2024-06-02 00:00:00,2025-06-05 22:12:32.42104
8c60f447-ca8b-4d78-b5da-9fed80d1fe2f,NovaCorp,Manufacturing,2024-07-24 00:00:00,2025-06-05 22:12:32.42104
f4624322-07fd-43ba-bfa4-475a43c2d6ba,EcoSolutions,Retail,2024-10-01 00:00:00,2025-06-05 22:12:32.42104
ee07b9f9-7727-450a-9123-9e124125c905,EcoSolutions,Finance,2024-10-26 00:00:00,2025-06-05 22:12:32.42104
5f435529-b45e-4f05-b3c6-2b7f61933db8,NovaCorp,Manufacturing,2024-06-17 00:00:00,2025-06-05 22:12:32.42104
c79393cb-da97-425e-a6e0-3c492eed766a,EcoSolutions,Logistics,2024-10-29 00:00:00,2025-06-05 22:12:32.42104
42f380c0-6138-42b3-97a0-358348384c43,NovaGroup,Healthcare,2024-08-19 00:00:00,2025-06-05 22:12:32.42104
27470c25-86c5-434e-a973-7faf24ab8359,GreenCorp,Energy,2024-09-04 00:00:00,2025-06-05 22:12:32.42104
c84c24c3-c161-4044-af43-488b73b3ef1c,NovaSolutions,Finance,2024-11-26 00:00:00,2025-06-05 22:12:32.42104
4f47a1fc-4523-49ef-8c27-61a6f633da24,TechSolutions,Finance,2024-11-05 00:00:00,2025-06-05 22:12:32.42104
e1f0fc2d-f878-4b42-94bb-15f644ccd076,NovaCorp,Retail,2024-08-30 00:00:00,2025-06-05 22:12:32.42104
5cac0daa-3470-49d4-b8ea-f090cd3ff573,EcoGroup,Logistics,2024-07-05 00:00:00,2025-06-05 22:12:32.42104
72d0dde2-80dd-4cd6-8cb1-c6c6899776bf,GreenCorp,Logistics,2024-07-31 00:00:00,2025-06-05 22:12:32.42104
6f7aa4a1-149a-4a52-8218-c43febfcad8e,TechGroup,Healthcare,2024-02-09 00:00:00,2025-06-05 22:12:32.42104
e0c4a0dc-5879-44ae-a045-5607b5754422,TechCorp,Tech,2024-10-10 00:00:00,2025-06-05 22:12:32.42104
42e337ed-26d7-4fd3-95b8-95b2441c9c80,NovaCorp,Healthcare,2024-09-24 00:00:00,2025-06-05 22:12:32.42104
b4cc7afd-c55a-463a-b6a2-41b176e23a17,EcoGroup,Logistics,2024-01-22 00:00:00,2025-06-05 22:12:32.42104
fbdf6ae8-c936-4ec4-ab5f-03315ce08442,NovaGroup,Logistics,2024-07-02 00:00:00,2025-06-05 22:12:32.42104
b7267077-402e-4ecb-b7bd-41dcf9b84755,TechGroup,Retail,2024-08-03 00:00:00,2025-06-05 22:12:32.42104
9ad17de9-38d9-4fdc-aea4-ed7d6f875732,GreenCorp,Manufacturing,2024-01-05 00:00:00,2025-06-05 22:12:32.42104
7bca916c-b0d6-4cee-9a24-9e38f9983d77,EcoCorp,Logistics,2024-10-06 00:00:00,2025-06-05 22:12:32.42104
041b9e6d-18e9-4ee5-b4b6-35e64cfd7ed1,NovaCorp,Energy,2024-08-23 00:00:00,2025-06-05 22:12:32.42104
bab61b41-9c90-43db-9c5d-396b2cd22aeb,EcoGroup,Energy,2024-01-28 00:00:00,2025-06-05 22:12:32.42104
647c33d2-5c76-474f-8b16-10cf6b1ee4ae,TechSolutions,Logistics,2024-07-11 00:00:00,2025-06-05 22:12:32.42104
694605aa-1eb5-414d-9402-104ce0e8fed4,EcoSolutions,Energy,2024-10-17 00:00:00,2025-06-05 22:12:32.42104
46339973-d78d-4cb6-8d9d-203dd7f6bad9,NovaCorp,Manufacturing,2024-01-10 00:00:00,2025-06-05 22:12:32.42104
8631efc5-3485-47a1-9d2a-b99186709448,EcoGroup,Logistics,2024-01-07 00:00:00,2025-06-05 22:12:32.42104
d417387f-0a38-4033-b03b-662908f0c4ce,NovaSolutions,Healthcare,2024-05-28 00:00:00,2025-06-05 22:12:32.42104
11bee960-a38d-4022-9a29-ce54497b00f0,TechCorp,Logistics,2024-10-19 00:00:00,2025-06-05 22:12:32.42104
a9a700ac-a992-4ec9-8b0c-1bfe20490b05,TechCorp,Tech,2024-05-26 00:00:00,2025-06-05 22:12:32.42104
1524b3e4-1be4-43c8-9316-1d912d595c8c,GreenCorp,Retail,2024-01-11 00:00:00,2025-06-05 22:12:32.42104
48ba99da-87a4-4760-a7b9-0149608d56be,EcoCorp,Finance,2024-06-24 00:00:00,2025-06-05 22:12:32.42104
881a9337-595b-46b1-86e2-e4c0decd20eb,EcoGroup,Finance,2024-03-23 00:00:00,2025-06-05 22:12:32.42104
ae23c757-aaed-4564-8c1a-eea37989a477,TechGroup,Finance,2024-04-29 00:00:00,2025-06-05 22:12:32.42104
662b991b-ac5b-4e65-994b-16ce7d879cb5,NovaGroup,Logistics,2024-08-12 00:00:00,2025-06-05 22:12:32.42104
7adab5e0-a84d-45e6-a4c3-9ebcb7d11cd2,EcoSolutions,Manufacturing,2024-09-05 00:00:00,2025-06-05 22:12:32.42104
3976087b-7440-4a16-8191-bc37a52faf4f,TechCorp,Finance,2024-07-27 00:00:00,2025-06-05 22:12:32.42104
2d103469-5e78-4bef-8e14-1dbbb3d3a954,NovaCorp,Logistics,2024-02-19 00:00:00,2025-06-05 22:12:32.42104
9d8996a1-81fa-4489-aca5-bd0987079f14,TechGroup,Retail,2024-07-11 00:00:00,2025-06-05 22:12:32.42104
f2e63493-7d95-4917-9a2e-a1a02afca970,NovaGroup,Energy,2024-02-14 00:00:00,2025-06-05 22:12:32.42104
eca6c481-a77a-438f-b333-90d2d0b82eea,EcoCorp,Logistics,2024-01-24 00:00:00,2025-06-05 22:12:32.42104
2560be6a-f06d-4755-947a-78815c9abb91,EcoCorp,Tech,2024-01-17 00:00:00,2025-06-05 22:12:32.42104
d0c5363d-7a2f-4d57-be80-d44d5fc54d8b,EcoSolutions,Energy,2024-05-06 00:00:00,2025-06-05 22:12:32.42104
4dbd493b-28f1-4426-becf-1d7446bcd54e,TechSolutions,Tech,2024-05-14 00:00:00,2025-06-05 22:12:32.42104
68dc1b03-f3ac-4f6c-a331-bf67ab3fa568,NovaSolutions,Energy,2024-02-19 00:00:00,2025-06-05 22:12:32.42104
814e8ba8-118d-4e4e-9ea1-a82bf55c92bc,EcoCorp,Energy,2024-08-08 00:00:00,2025-06-05 22:12:32.42104
40790c57-1b51-4960-ac6e-ca1aed51671d,NovaSolutions,Retail,2024-07-01 00:00:00,2025-06-05 22:12:32.42104
26a86ee0-9673-456e-a0f6-04c877cbc850,EcoCorp,Healthcare,2024-04-27 00:00:00,2025-06-05 22:12:32.42104
b8efd4bf-93ff-446a-b743-735cdd12c9de,GreenSolutions,Logistics,2024-05-23 00:00:00,2025-06-05 22:12:32.42104
2e2eb944-e21b-4f8a-8511-d53bca9d61c7,TechGroup,Logistics,2024-06-11 00:00:00,2025-06-05 22:12:32.42104
3c50db41-6814-4208-8a56-1a1b69aaf892,GreenGroup,Energy,2024-11-01 00:00:00,2025-06-05 22:12:32.42104
01600744-1355-4352-a932-314fed4e3ebf,NovaCorp,Healthcare,2024-01-18 00:00:00,2025-06-05 22:12:32.42104
fc5864a2-9972-49a6-b94a-aa76977204f3,NovaSolutions,Tech,2024-03-03 00:00:00,2025-06-05 22:12:32.42104
547899af-dc59-4416-a5f9-6d4a9c5ff291,EcoSolutions,Manufacturing,2024-02-20 00:00:00,2025-06-05 22:12:32.42104
aa0d8fc8-bd0c-4040-9de1-7110493fb382,NovaGroup,Manufacturing,2024-03-12 00:00:00,2025-06-05 22:12:32.42104
0bfd1e81-b64e-4e60-9df8-b1c4c89b95e0,EcoCorp,Retail,2024-08-14 00:00:00,2025-06-05 22:12:32.42104
a3ed0cfe-93c5-4bcf-bda0-cc8797392af5,NovaSolutions,Finance,2024-04-28 00:00:00,2025-06-05 22:12:32.42104
6cd557b2-42bb-4c73-bd46-502b61db631b,TechCorp,Tech,2024-12-28 00:00:00,2025-06-05 22:12:32.42104
228246ff-de4f-4e89-92c1-0177bea1ed32,NovaGroup,Finance,2024-11-17 00:00:00,2025-06-05 22:12:32.42104
7f6452e6-ed02-40a3-933b-5fa3836bf2a8,NovaCorp,Energy,2024-01-10 00:00:00,2025-06-05 22:12:32.42104
b1311879-052a-456f-8f44-3d86e703de6c,NovaSolutions,Tech,2024-11-22 00:00:00,2025-06-05 22:12:32.42104
26b9543b-f390-4a9d-a86b-1026b11292f7,GreenSolutions,Retail,2024-12-15 00:00:00,2025-06-05 22:12:32.42104
1822b88d-5931-4edf-acf1-8ed534b45db2,GreenCorp,Tech,2024-12-17 00:00:00,2025-06-05 22:12:32.42104
eb658c7a-0300-4c2a-b662-7c1e2de858e3,TechSolutions,Manufacturing,2024-06-13 00:00:00,2025-06-05 22:12:32.42104
b1b3dbc6-65d7-4079-bea2-75f1ce46e795,EcoCorp,Retail,2024-02-19 00:00:00,2025-06-05 22:12:32.42104
a89b3ee6-cf01-4dad-8817-9357bb532cc5,EcoSolutions,Energy,2024-03-15 00:00:00,2025-06-05 22:12:32.42104
cb3a9071-018b-4ffd-89df-7559c5bb696a,NovaGroup,Manufacturing,2024-06-05 00:00:00,2025-06-05 22:12:32.42104
8a820d39-3844-479a-97e2-10208ad8c950,EcoCorp,Manufacturing,2024-12-13 00:00:00,2025-06-05 22:12:32.42104
7fe2a4ff-eddb-468a-beac-552f04bd7428,EcoCorp,Tech,2024-11-25 00:00:00,2025-06-05 22:12:32.42104
4f8a2f72-84ce-4fe7-92a7-cf17c1968b02,NovaCorp,Healthcare,2024-12-13 00:00:00,2025-06-05 22:12:32.42104
463ce011-15f1-4809-ac77-2fb5545bd19d,EcoGroup,Finance,2024-02-19 00:00:00,2025-06-05 22:12:32.42104
7b545312-a047-4ca3-b816-bb567b151fcc,NovaGroup,Logistics,2024-06-26 00:00:00,2025-06-05 22:12:32.42104
710e82ea-ee29-4755-9933-2212fb5ae216,GreenCorp,Healthcare,2024-12-03 00:00:00,2025-06-05 22:12:32.42104
7e34a5d4-680b-4e46-9bcd-705197defa3d,NovaCorp,Finance,2024-03-13 00:00:00,2025-06-05 22:12:32.42104
8cdd981d-ca9e-4f5d-b7c4-ce8f455e8349,TechSolutions,Tech,2024-01-29 00:00:00,2025-06-05 22:12:32.42104
e03303ad-fccf-4040-8bb1-b42b60cf1b56,TechGroup,Energy,2024-03-27 00:00:00,2025-06-05 22:12:32.42104
aebf80b5-2daa-4465-aeb5-7c0cb6c5ad8f,TechCorp,Tech,2024-12-20 00:00:00,2025-06-05 22:12:32.42104
9efe2ef2-1a03-4aff-ba9f-75062acdce86,NovaCorp,Finance,2024-02-06 00:00:00,2025-06-05 22:12:32.42104
7fdc401c-7c24-47f5-8f21-7dbb278f06cf,TechSolutions,Finance,2024-09-16 00:00:00,2025-06-05 22:12:32.42104
de95f2f3-28d1-405e-88e5-f5def14ec023,TechCorp,Manufacturing,2024-01-29 00:00:00,2025-06-05 22:12:32.42104
462b23ff-707d-45cd-ac51-92c9cac5ac4a,EcoSolutions,Healthcare,2024-01-21 00:00:00,2025-06-05 22:12:32.42104
d3fdb73b-3d96-4c7c-b960-26d735af2e87,EcoGroup,Healthcare,2024-05-25 00:00:00,2025-06-05 22:12:32.42104
2ba21512-c2c3-4244-bbde-c0010c3b6fa3,EcoGroup,Energy,2024-01-08 00:00:00,2025-06-05 22:12:32.42104
8790b046-12b1-431a-a144-76220fb7eb90,EcoCorp,Retail,2024-02-28 00:00:00,2025-06-05 22:12:32.42104
98e0d6cc-20e8-4522-9b3b-045732b75eb4,NovaCorp,Finance,2024-09-29 00:00:00,2025-06-05 22:12:32.42104
1f579ef1-8ba6-493c-a3fc-1a385701da7e,EcoSolutions,Finance,2024-01-25 00:00:00,2025-06-05 22:12:32.42104
ef917f7c-6755-473c-8027-f8b6a14b70ba,EcoGroup,Manufacturing,2024-02-03 00:00:00,2025-06-05 22:12:32.42104
f48663d5-7cec-48f2-b6c8-c9a6210b1915,NovaSolutions,Tech,2024-08-18 00:00:00,2025-06-05 22:12:32.42104
afcd7bb7-e573-4371-94bf-88cc34d4ef3a,EcoCorp,Finance,2024-02-11 00:00:00,2025-06-05 22:12:32.42104
65090f2c-3d5b-4f3e-aa91-23880603926c,NovaGroup,Energy,2024-07-12 00:00:00,2025-06-05 22:12:32.42104
4739de43-3dbf-42af-a8a2-e2ccf20764bc,EcoCorp,Energy,2024-07-19 00:00:00,2025-06-05 22:12:32.42104
7e3eac3c-1aa7-4c72-8d61-71574e8bcd9d,GreenGroup,Retail,2024-01-08 00:00:00,2025-06-05 22:12:32.42104
6b905cd0-f282-444e-9c59-d9af669b718a,EcoGroup,Retail,2024-12-15 00:00:00,2025-06-05 22:12:32.42104
0aa17ec6-3746-430f-8e6c-c2748e5e0c77,GreenCorp,Retail,2024-07-13 00:00:00,2025-06-05 22:12:32.42104
10b476fe-f063-47a9-9065-c82a25172969,TechCorp,Finance,2024-01-31 00:00:00,2025-06-05 22:12:32.42104
b02a19f0-32b5-4c91-8e9a-888ff8b29a4e,EcoCorp,Energy,2024-10-17 00:00:00,2025-06-05 22:12:32.42104
a7b67998-79d0-484c-80cc-901b9f02564c,NovaGroup,Manufacturing,2024-07-23 00:00:00,2025-06-05 22:12:32.42104
468d510b-8c7c-4e12-b1d3-d8d149a2dc73,NovaGroup,Retail,2024-09-16 00:00:00,2025-06-05 22:12:32.42104
7e236c9e-c66f-4fef-ba0e-873b6d6c1ad2,GreenCorp,Healthcare,2024-01-03 00:00:00,2025-06-05 22:12:32.42104
3b8ecf0c-f118-4d94-b2bc-493946fc78b7,EcoGroup,Healthcare,2024-03-11 00:00:00,2025-06-05 22:12:32.42104
b04d5d72-3d42-4f36-a759-4090901a1d41,NovaSolutions,Tech,2024-02-13 00:00:00,2025-06-05 22:12:32.42104
f9b2923f-d73b-44ee-ba4e-93e41da2c048,GreenCorp,Tech,2024-11-13 00:00:00,2025-06-05 22:12:32.42104
368d81aa-c188-4ced-8c81-4610b643ecfc,TechGroup,Manufacturing,2024-05-27 00:00:00,2025-06-05 22:12:32.42104
c109e3aa-5233-4f42-9967-6c6038835cdb,TechGroup,Finance,2024-04-29 00:00:00,2025-06-05 22:12:32.42104
e4695f40-9c69-444a-8b54-603d2191d94b,EcoSolutions,Retail,2024-11-04 00:00:00,2025-06-05 22:12:32.42104
810bb90d-c628-4396-ba2a-537af1a02ffb,EcoSolutions,Energy,2024-07-26 00:00:00,2025-06-05 22:12:32.42104
6f6c50bc-62cb-4f92-81a6-c3cd05166e3d,GreenCorp,Healthcare,2024-12-05 00:00:00,2025-06-05 22:12:32.42104
f1b32ca2-2a3f-4f57-8d05-843dd197af18,NovaSolutions,Healthcare,2024-01-07 00:00:00,2025-06-05 22:12:32.42104
6dd48a37-0d56-4e4d-9050-070ad0530645,TechCorp,Tech,2024-06-04 00:00:00,2025-06-05 22:12:32.42104
9f941575-bda3-4326-aa1e-614260508f19,GreenSolutions,Finance,2024-05-17 00:00:00,2025-06-05 22:12:32.42104
de51d0ca-9373-4ccb-9b15-f81fe9a27699,GreenSolutions,Logistics,2024-08-25 00:00:00,2025-06-05 22:12:32.42104
d98ddcb3-9bed-4720-b21c-3c352bc9bdc2,NovaSolutions,Tech,2024-08-22 00:00:00,2025-06-05 22:12:32.42104
22cfcc7f-44b8-43b3-8db1-afb3953d8fbe,NovaCorp,Healthcare,2024-01-28 00:00:00,2025-06-05 22:12:32.42104
52e52636-8ac6-4362-9808-993174e4f379,TechSolutions,Healthcare,2024-10-09 00:00:00,2025-06-05 22:12:32.42104
5e7e62bf-23ee-41ca-a9d2-5bd147b07da8,GreenCorp,Logistics,2024-08-06 00:00:00,2025-06-05 22:12:32.42104
3106abc8-520f-4d7d-8102-c2e3fc4c4bdc,EcoGroup,Finance,2024-11-07 00:00:00,2025-06-05 22:12:32.42104
1c7754e3-d765-4601-aa56-569c51366d00,TechGroup,Manufacturing,2024-11-10 00:00:00,2025-06-05 22:12:32.42104
704925d2-d8d6-46a3-a5cc-0e596f464ff2,NovaCorp,Tech,2024-10-14 00:00:00,2025-06-05 22:12:32.42104
cf599624-e358-46f5-a4a6-88dde07387ca,GreenGroup,Finance,2024-07-30 00:00:00,2025-06-05 22:12:32.42104
4055d782-66ad-471d-a71b-66cbf3718500,GreenSolutions,Tech,2024-09-03 00:00:00,2025-06-05 22:12:32.42104
cd9fff94-9fc5-470a-aa56-3b95e363a90f,GreenSolutions,Retail,2024-01-23 00:00:00,2025-06-05 22:12:32.42104
42729a20-3d6a-495b-8a0c-05c53eaa6014,TechSolutions,Manufacturing,2024-02-09 00:00:00,2025-06-05 22:12:32.42104
480c9e1e-9085-4ebc-aefe-65555bde0bd7,GreenGroup,Manufacturing,2024-11-20 00:00:00,2025-06-05 22:12:32.42104
c60b0bd4-0fcd-4ee4-a7e8-34d10c55e9d4,EcoSolutions,Finance,2024-11-14 00:00:00,2025-06-05 22:12:32.42104
45ea2ba6-33c0-4328-a6ce-1793dff5caab,EcoSolutions,Tech,2024-06-14 00:00:00,2025-06-05 22:12:32.42104
51f24690-56fd-45ec-8891-140fb3e038bf,TechCorp,Retail,2024-08-20 00:00:00,2025-06-05 22:12:32.42104
41a14a16-76a0-4d50-9e02-2933d7cab40b,GreenCorp,Healthcare,2024-07-08 00:00:00,2025-06-05 22:12:32.42104
5c289c43-eea2-45a4-a39d-d2fc886acd13,GreenGroup,Retail,2024-10-30 00:00:00,2025-06-05 22:12:32.42104
d2ecf6b6-6f49-406f-8e41-787e697496ab,GreenSolutions,Finance,2024-03-11 00:00:00,2025-06-05 22:12:32.42104
10b165d6-7110-4df1-bbff-da237ece64d3,EcoGroup,Healthcare,2024-03-02 00:00:00,2025-06-05 22:12:32.42104
2e0fd46b-cd65-4f52-af85-7e4170abbd29,GreenGroup,Healthcare,2024-03-02 00:00:00,2025-06-05 22:12:32.42104
67d519c2-b0a8-4a4f-9b9f-2865ce9733b0,EcoCorp,Retail,2024-08-24 00:00:00,2025-06-05 22:12:32.42104
2853dd9a-07cf-4b2e-8b44-0c604a0d0595,GreenSolutions,Finance,2024-11-11 00:00:00,2025-06-05 22:12:32.42104
ac2145b3-e649-4267-978b-766d048bc7cf,GreenSolutions,Manufacturing,2024-12-11 00:00:00,2025-06-05 22:12:32.42104
97b50139-e963-4db2-b1c8-28e622677bda,GreenSolutions,Energy,2024-04-20 00:00:00,2025-06-05 22:12:32.42104
57536395-2d8f-4d74-b863-ce340235c91f,NovaGroup,Tech,2024-11-28 00:00:00,2025-06-05 22:12:32.42104
2abe2887-a13b-4522-b188-e809efd6a85a,GreenCorp,Energy,2024-04-08 00:00:00,2025-06-05 22:12:32.42104
9290c956-665d-4875-ad7c-a331d6b81806,GreenSolutions,Tech,2024-03-12 00:00:00,2025-06-05 22:12:32.42104
1177a7d5-5ab1-45c1-868f-bb4cb50d4102,EcoCorp,Manufacturing,2024-08-17 00:00:00,2025-06-05 22:12:32.42104
4f51bf65-e89a-48c4-80f1-b9abbc6449fc,EcoSolutions,Healthcare,2024-07-15 00:00:00,2025-06-05 22:12:32.42104
3a32e3c6-aa88-4a0f-a19b-c6e9430276fb,NovaSolutions,Logistics,2024-10-31 00:00:00,2025-06-05 22:12:32.42104
338ee2aa-7211-444b-b2ac-f6176d934304,NovaCorp,Healthcare,2024-06-25 00:00:00,2025-06-05 22:12:32.42104
c166d053-2dbf-4f6b-ab34-44bc3291ef01,GreenSolutions,Finance,2024-11-22 00:00:00,2025-06-05 22:12:32.42104
f5d2bc83-4389-480b-8fac-08721ebb8988,TechCorp,Finance,2024-08-08 00:00:00,2025-06-05 22:12:32.42104
6a9184b7-938a-43c8-a456-d6839aa4d654,EcoCorp,Logistics,2024-06-14 00:00:00,2025-06-05 22:12:32.42104
8d898cd4-f0fd-42eb-83fa-7fcf9578a303,GreenCorp,Retail,2024-07-02 00:00:00,2025-06-05 22:12:32.42104
6b39e6ce-3639-432a-bf7f-11c8c2520072,EcoGroup,Healthcare,2024-01-03 00:00:00,2025-06-05 22:12:32.42104
a3ccdb07-1eae-4a86-92e4-d62b0ddd1d97,NovaGroup,Tech,2024-09-14 00:00:00,2025-06-05 22:12:32.42104
4d533c7f-f0ed-4578-afd9-bafe1046c169,GreenGroup,Tech,2024-03-21 00:00:00,2025-06-05 22:12:32.42104
e133abf7-befd-42c4-aa88-ab1493440aed,NovaGroup,Retail,2024-04-23 00:00:00,2025-06-05 22:12:32.42104
9571481b-98a9-42c1-822d-ec0155eaa0b8,TechGroup,Logistics,2024-01-28 00:00:00,2025-06-05 22:12:32.42104
798368bd-fe6d-4e1c-b1d4-d4fa5525de36,NovaSolutions,Energy,2024-05-24 00:00:00,2025-06-05 22:12:32.42104
22e6559d-6bcd-482e-b6ff-6729ebf02d3b,TechSolutions,Tech,2024-02-15 00:00:00,2025-06-05 22:12:32.42104
90a4fee2-6857-4401-bc9d-4f523976a374,NovaGroup,Healthcare,2024-06-06 00:00:00,2025-06-05 22:12:32.42104
ed02289c-760f-4f7c-a107-ccd0fd9eb941,NovaGroup,Finance,2024-09-29 00:00:00,2025-06-05 22:12:32.42104
6a5c855c-3e1e-4c96-a90f-e141adb7dcbc,TechSolutions,Retail,2024-09-25 00:00:00,2025-06-05 22:12:32.42104
e0412b5b-42d5-4667-8b24-e9184fc4a42e,TechGroup,Energy,2024-10-08 00:00:00,2025-06-05 22:12:32.42104
f44ba501-7dba-4e97-a662-8398c32f4bdf,TechGroup,Energy,2024-01-03 00:00:00,2025-06-05 22:12:32.42104
079ddedd-06d3-494c-863a-f5dad670cd76,NovaGroup,Tech,2024-01-28 00:00:00,2025-06-05 22:12:32.42104
49f9af9e-4530-41fc-82cf-06ff4e9699a3,TechCorp,Logistics,2024-08-26 00:00:00,2025-06-05 22:12:32.42104
4aa03157-5299-4b2e-8e1d-dab21ed2d2dc,TechSolutions,Energy,2024-04-08 00:00:00,2025-06-05 22:12:32.42104
94191f8a-f528-424c-82ed-2f009819efce,TechSolutions,Manufacturing,2024-11-27 00:00:00,2025-06-05 22:12:32.42104
dc7bfc62-7a5f-46eb-bb94-3b3cab912bce,GreenSolutions,Tech,2024-04-17 00:00:00,2025-06-05 22:12:32.42104
d923c10c-88e9-4818-8fd3-c19704e375d9,TechCorp,Healthcare,2024-07-09 00:00:00,2025-06-05 22:12:32.42104
7c5722a0-eaf4-4946-831e-9021d0bd4d67,NovaGroup,Logistics,2024-09-10 00:00:00,2025-06-05 22:12:32.42104
d82611c2-609c-4037-9413-bca11d692cd6,TechSolutions,Retail,2024-09-15 00:00:00,2025-06-05 22:12:32.42104
82bb5a59-2d8b-4702-81f8-af014cf50f60,NovaGroup,Retail,2024-02-13 00:00:00,2025-06-05 22:12:32.42104
6ce7dbc7-6f84-4746-bc1a-ef8467159601,EcoCorp,Energy,2024-06-22 00:00:00,2025-06-05 22:12:32.42104
1e3e8c24-6536-46f9-bb04-e48919ac72ca,EcoCorp,Energy,2024-03-25 00:00:00,2025-06-05 22:12:32.42104
27b56b39-0c8f-4766-847a-315b176188e3,TechCorp,Healthcare,2024-04-23 00:00:00,2025-06-05 22:12:32.42104
e725da81-2784-4a2a-94d8-91dbf02bc1f5,NovaCorp,Manufacturing,2024-08-31 00:00:00,2025-06-05 22:12:32.42104
d3d20d31-a89f-45e0-abbe-7b1f5c2f779a,EcoGroup,Healthcare,2024-09-23 00:00:00,2025-06-05 22:12:32.42104
99ab316e-8a11-43dc-ae58-62e89c14682c,TechGroup,Energy,2024-10-07 00:00:00,2025-06-05 22:12:32.42104
000890a0-0486-4124-9277-cc4d4159815a,NovaSolutions,Manufacturing,2024-12-24 00:00:00,2025-06-05 22:12:32.42104
27864e44-6497-4ce1-a549-681e682e0376,TechGroup,Manufacturing,2024-08-19 00:00:00,2025-06-05 22:12:32.42104
52bf1bd0-5ce3-4360-9ce1-a14a425e25f7,NovaGroup,Tech,2024-08-03 00:00:00,2025-06-05 22:12:32.42104
f3477432-d4bd-43a7-a083-cf110e8dba31,GreenSolutions,Finance,2024-09-14 00:00:00,2025-06-05 22:12:32.42104
1485bf74-e953-4bc5-8cac-bd8c9f614bfe,EcoSolutions,Energy,2024-04-28 00:00:00,2025-06-05 22:12:32.42104
14ff25bd-803c-404f-b5fc-de64a65d9054,GreenCorp,Energy,2024-09-15 00:00:00,2025-06-05 22:12:32.42104
e2c50e98-53a5-4df7-b41f-d976bef71969,TechCorp,Retail,2024-12-12 00:00:00,2025-06-05 22:12:32.42104
8c7b8baa-b1a9-4195-b97c-ffc627bb0ebc,EcoGroup,Finance,2024-09-17 00:00:00,2025-06-05 22:12:32.42104
ffd65529-01b0-4413-b8ef-6464c00f09e8,TechSolutions,Logistics,2024-09-12 00:00:00,2025-06-05 22:12:32.42104
d1a0724c-d80e-4033-9398-ad5bf12bac75,NovaSolutions,Finance,2024-02-20 00:00:00,2025-06-05 22:12:32.42104
eea17e97-d1ac-4818-aa7e-82999dd5a283,EcoSolutions,Finance,2024-07-18 00:00:00,2025-06-05 22:12:32.42104
c0d6869a-c279-4f70-957e-49714138e946,EcoCorp,Retail,2024-02-05 00:00:00,2025-06-05 22:12:32.42104
7deeadf3-f231-499e-a429-1e20b24324bd,TechCorp,Logistics,2024-07-14 00:00:00,2025-06-05 22:12:32.42104
f9572025-fdfe-4d76-8991-03a2e31b8bdc,NovaGroup,Manufacturing,2024-09-20 00:00:00,2025-06-05 22:12:32.42104
f99c555f-294b-44c9-8b17-9166a6740073,NovaGroup,Finance,2024-12-01 00:00:00,2025-06-05 22:12:32.42104
298213c7-c9db-40fa-ba8a-068d24cc4f2f,NovaGroup,Finance,2024-04-11 00:00:00,2025-06-05 22:12:32.42104
1ac2b3f9-3744-4d9a-8a86-82b36ab9463d,TechCorp,Manufacturing,2024-12-02 00:00:00,2025-06-05 22:12:32.42104
07ff9114-2c04-4a7c-bb33-7decb2334f1d,TechGroup,Retail,2024-06-28 00:00:00,2025-06-05 22:12:32.42104
963fa3ca-7892-4f2f-a6f8-09b1e84a6a3e,NovaSolutions,Retail,2024-11-28 00:00:00,2025-06-05 22:12:32.42104
94406192-c53f-4822-ad92-393fc2e68da9,TechGroup,Retail,2024-06-08 00:00:00,2025-06-05 22:12:32.42104
e455055b-9e50-42de-80c1-1d9449d938da,TechGroup,Energy,2024-08-02 00:00:00,2025-06-05 22:12:32.42104
d9983ba4-0dee-41d2-88b2-084ab898d52e,TechCorp,Energy,2024-12-14 00:00:00,2025-06-05 22:12:32.42104
28541d01-8f48-4e5f-92df-2aab427d8b44,NovaGroup,Logistics,2024-05-17 00:00:00,2025-06-05 22:12:32.42104
08a070bb-f8e6-4964-a068-fdfa6b4025c3,EcoSolutions,Retail,2024-01-31 00:00:00,2025-06-05 22:12:32.42104
d5ddc1d8-dc74-4878-91f4-f6df81140134,NovaGroup,Logistics,2024-06-13 00:00:00,2025-06-05 22:12:32.42104
4615cf24-9626-4e64-9327-1164fb60dd76,EcoGroup,Tech,2024-06-20 00:00:00,2025-06-05 22:12:32.42104
29cb5f1b-31fd-4cb0-84d6-0cc45cbed8ef,EcoCorp,Manufacturing,2024-11-02 00:00:00,2025-06-05 22:12:32.42104
1d34b7ab-e1a0-461b-b759-0da12b0fa6c0,EcoCorp,Manufacturing,2024-10-29 00:00:00,2025-06-05 22:12:32.42104
5f8583d7-9fff-4498-852d-f232ee818b63,EcoCorp,Energy,2024-08-10 00:00:00,2025-06-05 22:12:32.42104
0c31576c-dec3-4d1a-9343-cf14072d5843,EcoGroup,Finance,2024-02-26 00:00:00,2025-06-05 22:12:32.42104
751f5f3b-124a-412c-8ff2-976de6523f5b,GreenGroup,Logistics,2024-01-07 00:00:00,2025-06-05 22:12:32.42104
f80ce8d3-abbc-4598-94ac-d8c921f32c66,GreenGroup,Logistics,2024-08-26 00:00:00,2025-06-05 22:12:32.42104
5d0111d6-f371-4096-ae70-ffe6934c0b47,NovaSolutions,Retail,2024-06-09 00:00:00,2025-06-05 22:12:32.42104
c5e497fa-5230-4e3c-9474-6ea54e05830f,NovaSolutions,Tech,2024-03-30 00:00:00,2025-06-05 22:12:32.42104
702c835b-be36-428c-8b11-95ba256eba6c,NovaCorp,Retail,2024-08-03 00:00:00,2025-06-05 22:12:32.42104
65ba2154-b546-4409-8dc8-bd457bb112d4,GreenCorp,Manufacturing,2024-08-29 00:00:00,2025-06-05 22:12:32.42104
ec1c3d97-2369-4b83-ab5b-3b8461199193,EcoGroup,Energy,2024-01-02 00:00:00,2025-06-05 22:12:32.42104
012349b2-8921-43a2-9909-d18384a78c67,NovaSolutions,Manufacturing,2024-06-29 00:00:00,2025-06-05 22:12:32.42104
5bbbf6b2-3411-4bf7-8d0b-989e4c7ff8a6,GreenGroup,Retail,2024-10-14 00:00:00,2025-06-05 22:12:32.42104
ce8db896-f1d7-4bef-9add-ad7ecc795767,EcoCorp,Manufacturing,2024-06-07 00:00:00,2025-06-05 22:12:32.42104
679cc3a7-0cf6-44ce-83b0-d32101939b6b,TechSolutions,Manufacturing,2024-06-22 00:00:00,2025-06-05 22:12:32.42104
09e26718-a4a0-4d71-8a3c-69b2c109f2dd,GreenGroup,Retail,2024-06-18 00:00:00,2025-06-05 22:12:32.42104
40abf783-dac1-4e6a-a722-a8bd53d53401,GreenGroup,Tech,2024-01-13 00:00:00,2025-06-05 22:12:32.42104
5471f41c-ee1d-471a-8d90-66b539e69fb8,TechCorp,Manufacturing,2024-07-22 00:00:00,2025-06-05 22:12:32.42104
d3ceac4b-c950-40cf-b3b4-c1b4839e52df,NovaGroup,Finance,2024-05-21 00:00:00,2025-06-05 22:12:32.42104
a3ebb7f1-c6a7-4d67-a777-a34c4ee2e9c7,TechSolutions,Finance,2024-06-16 00:00:00,2025-06-05 22:12:32.42104
451ac7d6-9dd5-4b35-bc9c-ec21e4b23c0b,TechSolutions,Finance,2024-09-08 00:00:00,2025-06-05 22:12:32.42104
