id,company_id,name,updated_at
1,05bd26a2-e08f-40e6-a350-6f33b1aa7468,Marketing,2025-06-05 22:12:32.42104
2,05bd26a2-e08f-40e6-a350-6f33b1aa7468,Sales,2025-06-05 22:12:32.42104
3,05bd26a2-e08f-40e6-a350-6f33b1aa7468,R&D,2025-06-05 22:12:32.42104
4,05bd26a2-e08f-40e6-a350-6f33b1aa7468,IT,2025-06-05 22:12:32.42104
5,05bd26a2-e08f-40e6-a350-6f33b1aa7468,Marketing,2025-06-05 22:12:32.42104
6,8793806d-18a2-4f9f-a9f3-9d2e2a05b4d5,Sales,2025-06-05 22:12:32.42104
7,8793806d-18a2-4f9f-a9f3-9d2e2a05b4d5,R&D,2025-06-05 22:12:32.42104
8,8267d73b-4f33-4b22-96dd-3193c5dc6262,R&D,2025-06-05 22:12:32.42104
9,8267d73b-4f33-4b22-96dd-3193c5dc6262,Marketing,2025-06-05 22:12:32.42104
10,31c07eda-d07b-4212-81ba-ae95e206611f,Finance,2025-06-05 22:12:32.42104
11,31c07eda-d07b-4212-81ba-ae95e206611f,Marketing,2025-06-05 22:12:32.42104
12,31c07eda-d07b-4212-81ba-ae95e206611f,Finance,2025-06-05 22:12:32.42104
13,b48d0d3d-145e-4a1f-aabd-a057115175d7,HR,2025-06-05 22:12:32.42104
14,b48d0d3d-145e-4a1f-aabd-a057115175d7,HR,2025-06-05 22:12:32.42104
15,b48d0d3d-145e-4a1f-aabd-a057115175d7,R&D,2025-06-05 22:12:32.42104
16,b48d0d3d-145e-4a1f-aabd-a057115175d7,Finance,2025-06-05 22:12:32.42104
17,b48d0d3d-145e-4a1f-aabd-a057115175d7,Marketing,2025-06-05 22:12:32.42104
18,fb56bf82-00d8-40f0-a10a-2037546c806f,IT,2025-06-05 22:12:32.42104
19,fb56bf82-00d8-40f0-a10a-2037546c806f,Finance,2025-06-05 22:12:32.42104
20,fb56bf82-00d8-40f0-a10a-2037546c806f,IT,2025-06-05 22:12:32.42104
21,fb56bf82-00d8-40f0-a10a-2037546c806f,Marketing,2025-06-05 22:12:32.42104
22,fb56bf82-00d8-40f0-a10a-2037546c806f,Finance,2025-06-05 22:12:32.42104
23,99f9a6b3-8b92-477a-9f71-e349a1966b2f,IT,2025-06-05 22:12:32.42104
24,99f9a6b3-8b92-477a-9f71-e349a1966b2f,R&D,2025-06-05 22:12:32.42104
25,99f9a6b3-8b92-477a-9f71-e349a1966b2f,Marketing,2025-06-05 22:12:32.42104
26,d4ac0185-dcdd-486d-b91a-a2e7f5d5b26a,IT,2025-06-05 22:12:32.42104
27,d4ac0185-dcdd-486d-b91a-a2e7f5d5b26a,Marketing,2025-06-05 22:12:32.42104
28,d4ac0185-dcdd-486d-b91a-a2e7f5d5b26a,Marketing,2025-06-05 22:12:32.42104
29,d4ac0185-dcdd-486d-b91a-a2e7f5d5b26a,Sales,2025-06-05 22:12:32.42104
30,d4ac0185-dcdd-486d-b91a-a2e7f5d5b26a,R&D,2025-06-05 22:12:32.42104
31,0cc48750-ca6d-45d1-8a5b-e6ef0d57202f,Finance,2025-06-05 22:12:32.42104
32,0cc48750-ca6d-45d1-8a5b-e6ef0d57202f,Marketing,2025-06-05 22:12:32.42104
33,0cc48750-ca6d-45d1-8a5b-e6ef0d57202f,HR,2025-06-05 22:12:32.42104
34,99f8ac4b-8310-4503-85c3-04e56831b8f0,Finance,2025-06-05 22:12:32.42104
35,99f8ac4b-8310-4503-85c3-04e56831b8f0,Sales,2025-06-05 22:12:32.42104
36,99f8ac4b-8310-4503-85c3-04e56831b8f0,R&D,2025-06-05 22:12:32.42104
37,99f8ac4b-8310-4503-85c3-04e56831b8f0,Sales,2025-06-05 22:12:32.42104
38,99f8ac4b-8310-4503-85c3-04e56831b8f0,IT,2025-06-05 22:12:32.42104
39,bd2c9d36-adab-40d8-a936-9c795390aad0,R&D,2025-06-05 22:12:32.42104
40,bd2c9d36-adab-40d8-a936-9c795390aad0,HR,2025-06-05 22:12:32.42104
41,7f6d3ce0-cb5e-43b4-a6b2-6d359b6d32a9,Marketing,2025-06-05 22:12:32.42104
42,7f6d3ce0-cb5e-43b4-a6b2-6d359b6d32a9,Sales,2025-06-05 22:12:32.42104
43,7f6d3ce0-cb5e-43b4-a6b2-6d359b6d32a9,R&D,2025-06-05 22:12:32.42104
44,7f6d3ce0-cb5e-43b4-a6b2-6d359b6d32a9,IT,2025-06-05 22:12:32.42104
45,a5489960-9c97-4bc9-8ae2-4d27b5f7f7ed,IT,2025-06-05 22:12:32.42104
46,a5489960-9c97-4bc9-8ae2-4d27b5f7f7ed,R&D,2025-06-05 22:12:32.42104
47,a5489960-9c97-4bc9-8ae2-4d27b5f7f7ed,HR,2025-06-05 22:12:32.42104
48,a5489960-9c97-4bc9-8ae2-4d27b5f7f7ed,R&D,2025-06-05 22:12:32.42104
49,37cfe586-35c2-4684-8cd1-9670ece7917a,IT,2025-06-05 22:12:32.42104
50,37cfe586-35c2-4684-8cd1-9670ece7917a,IT,2025-06-05 22:12:32.42104
51,37cfe586-35c2-4684-8cd1-9670ece7917a,R&D,2025-06-05 22:12:32.42104
52,37cfe586-35c2-4684-8cd1-9670ece7917a,Finance,2025-06-05 22:12:32.42104
53,9662e075-6639-4da4-a2b8-bd42a0d00f73,R&D,2025-06-05 22:12:32.42104
54,9662e075-6639-4da4-a2b8-bd42a0d00f73,Finance,2025-06-05 22:12:32.42104
55,9662e075-6639-4da4-a2b8-bd42a0d00f73,Marketing,2025-06-05 22:12:32.42104
56,9662e075-6639-4da4-a2b8-bd42a0d00f73,HR,2025-06-05 22:12:32.42104
57,1e5ae22a-eb45-4b85-8fc2-88595738f57a,Finance,2025-06-05 22:12:32.42104
58,1e5ae22a-eb45-4b85-8fc2-88595738f57a,IT,2025-06-05 22:12:32.42104
59,1e5ae22a-eb45-4b85-8fc2-88595738f57a,IT,2025-06-05 22:12:32.42104
60,e81e0755-379f-42ee-92c1-3ec1ac0775ee,Finance,2025-06-05 22:12:32.42104
61,e81e0755-379f-42ee-92c1-3ec1ac0775ee,R&D,2025-06-05 22:12:32.42104
62,c9781bb8-c7d3-4d1a-9b21-6a803c50a4e7,Marketing,2025-06-05 22:12:32.42104
63,c9781bb8-c7d3-4d1a-9b21-6a803c50a4e7,HR,2025-06-05 22:12:32.42104
64,c9781bb8-c7d3-4d1a-9b21-6a803c50a4e7,HR,2025-06-05 22:12:32.42104
65,c9781bb8-c7d3-4d1a-9b21-6a803c50a4e7,R&D,2025-06-05 22:12:32.42104
66,c9781bb8-c7d3-4d1a-9b21-6a803c50a4e7,IT,2025-06-05 22:12:32.42104
67,20ec0172-f337-49c5-bcc8-0985bb4f51d0,HR,2025-06-05 22:12:32.42104
68,20ec0172-f337-49c5-bcc8-0985bb4f51d0,Sales,2025-06-05 22:12:32.42104
69,20ec0172-f337-49c5-bcc8-0985bb4f51d0,Sales,2025-06-05 22:12:32.42104
70,20ec0172-f337-49c5-bcc8-0985bb4f51d0,Sales,2025-06-05 22:12:32.42104
71,be1b9044-e519-4c6d-b771-0d6eb56b902a,R&D,2025-06-05 22:12:32.42104
72,be1b9044-e519-4c6d-b771-0d6eb56b902a,Marketing,2025-06-05 22:12:32.42104
73,ad2388b6-e1cf-4738-8bf6-e3c7ffd68c3e,Finance,2025-06-05 22:12:32.42104
74,ad2388b6-e1cf-4738-8bf6-e3c7ffd68c3e,HR,2025-06-05 22:12:32.42104
75,ad2388b6-e1cf-4738-8bf6-e3c7ffd68c3e,Marketing,2025-06-05 22:12:32.42104
76,45200849-c7d4-4859-8846-3329126a83c9,HR,2025-06-05 22:12:32.42104
77,45200849-c7d4-4859-8846-3329126a83c9,Sales,2025-06-05 22:12:32.42104
78,45200849-c7d4-4859-8846-3329126a83c9,Finance,2025-06-05 22:12:32.42104
79,63a5f4f5-1f85-4dd0-8d76-33cd92ed7049,R&D,2025-06-05 22:12:32.42104
80,63a5f4f5-1f85-4dd0-8d76-33cd92ed7049,Marketing,2025-06-05 22:12:32.42104
81,63a5f4f5-1f85-4dd0-8d76-33cd92ed7049,Finance,2025-06-05 22:12:32.42104
82,3c574859-cfdc-4e3d-9e48-0c205a9365fa,Finance,2025-06-05 22:12:32.42104
83,3c574859-cfdc-4e3d-9e48-0c205a9365fa,HR,2025-06-05 22:12:32.42104
84,3c574859-cfdc-4e3d-9e48-0c205a9365fa,R&D,2025-06-05 22:12:32.42104
85,3c574859-cfdc-4e3d-9e48-0c205a9365fa,IT,2025-06-05 22:12:32.42104
86,0d01041f-527a-4ec6-8b41-96e7464e1a15,Finance,2025-06-05 22:12:32.42104
87,0d01041f-527a-4ec6-8b41-96e7464e1a15,Sales,2025-06-05 22:12:32.42104
88,0d01041f-527a-4ec6-8b41-96e7464e1a15,IT,2025-06-05 22:12:32.42104
89,0d01041f-527a-4ec6-8b41-96e7464e1a15,IT,2025-06-05 22:12:32.42104
90,3a3a57d1-a706-4ad5-a117-cb832798e65a,R&D,2025-06-05 22:12:32.42104
91,3a3a57d1-a706-4ad5-a117-cb832798e65a,HR,2025-06-05 22:12:32.42104
92,3a3a57d1-a706-4ad5-a117-cb832798e65a,HR,2025-06-05 22:12:32.42104
93,3a3a57d1-a706-4ad5-a117-cb832798e65a,Marketing,2025-06-05 22:12:32.42104
94,bb46622e-fbd7-473c-9ceb-5d358eab340c,IT,2025-06-05 22:12:32.42104
95,bb46622e-fbd7-473c-9ceb-5d358eab340c,Sales,2025-06-05 22:12:32.42104
96,c9d66745-e67b-455d-8c1d-7bb43f9bda61,Sales,2025-06-05 22:12:32.42104
97,c9d66745-e67b-455d-8c1d-7bb43f9bda61,Sales,2025-06-05 22:12:32.42104
98,c9d66745-e67b-455d-8c1d-7bb43f9bda61,Finance,2025-06-05 22:12:32.42104
99,20517b0f-5898-4d58-a4ec-7a042cbee551,Sales,2025-06-05 22:12:32.42104
100,20517b0f-5898-4d58-a4ec-7a042cbee551,Marketing,2025-06-05 22:12:32.42104
101,8364e620-3359-4aaa-ab3a-219d2fa30130,Marketing,2025-06-05 22:12:32.42104
102,8364e620-3359-4aaa-ab3a-219d2fa30130,Finance,2025-06-05 22:12:32.42104
103,8364e620-3359-4aaa-ab3a-219d2fa30130,R&D,2025-06-05 22:12:32.42104
104,8364e620-3359-4aaa-ab3a-219d2fa30130,R&D,2025-06-05 22:12:32.42104
105,917b1eb3-5040-42a9-903c-1b8979f51349,Marketing,2025-06-05 22:12:32.42104
106,917b1eb3-5040-42a9-903c-1b8979f51349,Marketing,2025-06-05 22:12:32.42104
107,917b1eb3-5040-42a9-903c-1b8979f51349,IT,2025-06-05 22:12:32.42104
108,917b1eb3-5040-42a9-903c-1b8979f51349,Marketing,2025-06-05 22:12:32.42104
109,28a14694-aea4-4073-85b2-44c37b11c0a0,Sales,2025-06-05 22:12:32.42104
110,28a14694-aea4-4073-85b2-44c37b11c0a0,HR,2025-06-05 22:12:32.42104
111,28a14694-aea4-4073-85b2-44c37b11c0a0,R&D,2025-06-05 22:12:32.42104
112,28a14694-aea4-4073-85b2-44c37b11c0a0,R&D,2025-06-05 22:12:32.42104
113,28a14694-aea4-4073-85b2-44c37b11c0a0,Sales,2025-06-05 22:12:32.42104
114,4c9b7e97-0030-49cf-8d7b-65e41f13a8aa,IT,2025-06-05 22:12:32.42104
115,4c9b7e97-0030-49cf-8d7b-65e41f13a8aa,Finance,2025-06-05 22:12:32.42104
116,4c9b7e97-0030-49cf-8d7b-65e41f13a8aa,Marketing,2025-06-05 22:12:32.42104
117,4c9b7e97-0030-49cf-8d7b-65e41f13a8aa,IT,2025-06-05 22:12:32.42104
118,f3d5cf6a-6d7b-477b-a26f-0f05336735a9,Sales,2025-06-05 22:12:32.42104
119,f3d5cf6a-6d7b-477b-a26f-0f05336735a9,R&D,2025-06-05 22:12:32.42104
120,7c712e4c-329d-4853-97c5-349e6d614377,IT,2025-06-05 22:12:32.42104
121,7c712e4c-329d-4853-97c5-349e6d614377,IT,2025-06-05 22:12:32.42104
122,7c712e4c-329d-4853-97c5-349e6d614377,IT,2025-06-05 22:12:32.42104
123,aecf8e86-a68f-4c49-afcf-1e23869c36c5,Marketing,2025-06-05 22:12:32.42104
124,aecf8e86-a68f-4c49-afcf-1e23869c36c5,R&D,2025-06-05 22:12:32.42104
125,aecf8e86-a68f-4c49-afcf-1e23869c36c5,Finance,2025-06-05 22:12:32.42104
126,aecf8e86-a68f-4c49-afcf-1e23869c36c5,Finance,2025-06-05 22:12:32.42104
127,b1a8a03b-774e-4e88-a566-bcd9b81ab826,Marketing,2025-06-05 22:12:32.42104
128,b1a8a03b-774e-4e88-a566-bcd9b81ab826,IT,2025-06-05 22:12:32.42104
129,3584bf27-e917-44c0-a2e1-573f464db7e4,IT,2025-06-05 22:12:32.42104
130,3584bf27-e917-44c0-a2e1-573f464db7e4,R&D,2025-06-05 22:12:32.42104
131,3584bf27-e917-44c0-a2e1-573f464db7e4,HR,2025-06-05 22:12:32.42104
132,3584bf27-e917-44c0-a2e1-573f464db7e4,HR,2025-06-05 22:12:32.42104
133,3584bf27-e917-44c0-a2e1-573f464db7e4,Sales,2025-06-05 22:12:32.42104
134,9f2a737b-22bc-466c-952e-079863e04a32,Finance,2025-06-05 22:12:32.42104
135,9f2a737b-22bc-466c-952e-079863e04a32,IT,2025-06-05 22:12:32.42104
136,9f2a737b-22bc-466c-952e-079863e04a32,Sales,2025-06-05 22:12:32.42104
137,814ccceb-876c-4485-a7da-812cf02ada3b,IT,2025-06-05 22:12:32.42104
138,814ccceb-876c-4485-a7da-812cf02ada3b,HR,2025-06-05 22:12:32.42104
139,3b56b722-089c-42ce-8792-2db771f8989e,Marketing,2025-06-05 22:12:32.42104
140,3b56b722-089c-42ce-8792-2db771f8989e,HR,2025-06-05 22:12:32.42104
141,3b56b722-089c-42ce-8792-2db771f8989e,Marketing,2025-06-05 22:12:32.42104
142,3b56b722-089c-42ce-8792-2db771f8989e,R&D,2025-06-05 22:12:32.42104
143,c7ff4932-7975-4634-a476-ad555e814c6b,Finance,2025-06-05 22:12:32.42104
144,c7ff4932-7975-4634-a476-ad555e814c6b,HR,2025-06-05 22:12:32.42104
145,c7ff4932-7975-4634-a476-ad555e814c6b,R&D,2025-06-05 22:12:32.42104
146,9cd20c8a-9f01-4cf5-b732-62652409c08c,Sales,2025-06-05 22:12:32.42104
147,9cd20c8a-9f01-4cf5-b732-62652409c08c,Marketing,2025-06-05 22:12:32.42104
148,260a338b-268c-477f-aec3-8d2658d263a3,R&D,2025-06-05 22:12:32.42104
149,260a338b-268c-477f-aec3-8d2658d263a3,Sales,2025-06-05 22:12:32.42104
150,bf6c579c-d860-4c5f-a20d-f6191b08ef0c,Finance,2025-06-05 22:12:32.42104
151,bf6c579c-d860-4c5f-a20d-f6191b08ef0c,IT,2025-06-05 22:12:32.42104
152,bf6c579c-d860-4c5f-a20d-f6191b08ef0c,IT,2025-06-05 22:12:32.42104
153,bf6c579c-d860-4c5f-a20d-f6191b08ef0c,Marketing,2025-06-05 22:12:32.42104
154,bf6c579c-d860-4c5f-a20d-f6191b08ef0c,R&D,2025-06-05 22:12:32.42104
155,d5f563bb-9a2f-41f4-8997-131cceb3dd51,Sales,2025-06-05 22:12:32.42104
156,d5f563bb-9a2f-41f4-8997-131cceb3dd51,Sales,2025-06-05 22:12:32.42104
157,d5f563bb-9a2f-41f4-8997-131cceb3dd51,R&D,2025-06-05 22:12:32.42104
158,f847a2f7-cba4-4093-9ea5-2dcba808a3c4,HR,2025-06-05 22:12:32.42104
159,f847a2f7-cba4-4093-9ea5-2dcba808a3c4,Marketing,2025-06-05 22:12:32.42104
160,f847a2f7-cba4-4093-9ea5-2dcba808a3c4,IT,2025-06-05 22:12:32.42104
161,f847a2f7-cba4-4093-9ea5-2dcba808a3c4,Finance,2025-06-05 22:12:32.42104
162,4a7ba69c-35b7-41c8-b30b-76424e370043,IT,2025-06-05 22:12:32.42104
163,4a7ba69c-35b7-41c8-b30b-76424e370043,IT,2025-06-05 22:12:32.42104
164,4a7ba69c-35b7-41c8-b30b-76424e370043,Marketing,2025-06-05 22:12:32.42104
165,4a7ba69c-35b7-41c8-b30b-76424e370043,Marketing,2025-06-05 22:12:32.42104
166,4a7ba69c-35b7-41c8-b30b-76424e370043,HR,2025-06-05 22:12:32.42104
167,94d1e63b-0a59-4c41-bf92-f5b805e47cdc,Sales,2025-06-05 22:12:32.42104
168,94d1e63b-0a59-4c41-bf92-f5b805e47cdc,Marketing,2025-06-05 22:12:32.42104
169,94d1e63b-0a59-4c41-bf92-f5b805e47cdc,Marketing,2025-06-05 22:12:32.42104
170,94d1e63b-0a59-4c41-bf92-f5b805e47cdc,Sales,2025-06-05 22:12:32.42104
171,94d1e63b-0a59-4c41-bf92-f5b805e47cdc,R&D,2025-06-05 22:12:32.42104
172,b0cb1479-019c-462c-a0f5-25d6381e20c5,R&D,2025-06-05 22:12:32.42104
173,b0cb1479-019c-462c-a0f5-25d6381e20c5,Sales,2025-06-05 22:12:32.42104
174,91d1dc8a-e07f-4f2d-8dc6-bbd27dddbf2c,Sales,2025-06-05 22:12:32.42104
175,91d1dc8a-e07f-4f2d-8dc6-bbd27dddbf2c,Finance,2025-06-05 22:12:32.42104
176,91d1dc8a-e07f-4f2d-8dc6-bbd27dddbf2c,Marketing,2025-06-05 22:12:32.42104
177,91d1dc8a-e07f-4f2d-8dc6-bbd27dddbf2c,IT,2025-06-05 22:12:32.42104
178,91d1dc8a-e07f-4f2d-8dc6-bbd27dddbf2c,Finance,2025-06-05 22:12:32.42104
179,56806a09-7448-461f-a21a-d40f203e536e,Sales,2025-06-05 22:12:32.42104
180,56806a09-7448-461f-a21a-d40f203e536e,Finance,2025-06-05 22:12:32.42104
181,56806a09-7448-461f-a21a-d40f203e536e,Sales,2025-06-05 22:12:32.42104
182,56806a09-7448-461f-a21a-d40f203e536e,Sales,2025-06-05 22:12:32.42104
183,55f478a7-c2c5-4174-ab36-a26ebae7a26a,Marketing,2025-06-05 22:12:32.42104
184,55f478a7-c2c5-4174-ab36-a26ebae7a26a,R&D,2025-06-05 22:12:32.42104
185,022bed2d-df5a-42f5-a84a-53528093f4ba,HR,2025-06-05 22:12:32.42104
186,022bed2d-df5a-42f5-a84a-53528093f4ba,Marketing,2025-06-05 22:12:32.42104
187,022bed2d-df5a-42f5-a84a-53528093f4ba,R&D,2025-06-05 22:12:32.42104
188,022bed2d-df5a-42f5-a84a-53528093f4ba,HR,2025-06-05 22:12:32.42104
189,022bed2d-df5a-42f5-a84a-53528093f4ba,Marketing,2025-06-05 22:12:32.42104
190,36689d16-627f-4811-8fb5-e71b14e83475,Sales,2025-06-05 22:12:32.42104
191,36689d16-627f-4811-8fb5-e71b14e83475,IT,2025-06-05 22:12:32.42104
192,36689d16-627f-4811-8fb5-e71b14e83475,Finance,2025-06-05 22:12:32.42104
193,36689d16-627f-4811-8fb5-e71b14e83475,Marketing,2025-06-05 22:12:32.42104
194,f42b0971-eea8-4168-b75f-07aaee2545fa,R&D,2025-06-05 22:12:32.42104
195,f42b0971-eea8-4168-b75f-07aaee2545fa,HR,2025-06-05 22:12:32.42104
196,f42b0971-eea8-4168-b75f-07aaee2545fa,IT,2025-06-05 22:12:32.42104
197,ab36aa6c-03b5-4045-8171-23098c0bbbbf,HR,2025-06-05 22:12:32.42104
198,ab36aa6c-03b5-4045-8171-23098c0bbbbf,Marketing,2025-06-05 22:12:32.42104
199,ab36aa6c-03b5-4045-8171-23098c0bbbbf,Finance,2025-06-05 22:12:32.42104
200,ab36aa6c-03b5-4045-8171-23098c0bbbbf,IT,2025-06-05 22:12:32.42104
201,53fde07b-f745-4660-881e-dcf5af6bb586,R&D,2025-06-05 22:12:32.42104
202,53fde07b-f745-4660-881e-dcf5af6bb586,Finance,2025-06-05 22:12:32.42104
203,53fde07b-f745-4660-881e-dcf5af6bb586,HR,2025-06-05 22:12:32.42104
204,53fde07b-f745-4660-881e-dcf5af6bb586,Sales,2025-06-05 22:12:32.42104
205,6f51f56a-b83c-41e1-ac69-6bfbcfe183e2,HR,2025-06-05 22:12:32.42104
206,6f51f56a-b83c-41e1-ac69-6bfbcfe183e2,HR,2025-06-05 22:12:32.42104
207,6f51f56a-b83c-41e1-ac69-6bfbcfe183e2,HR,2025-06-05 22:12:32.42104
208,6f51f56a-b83c-41e1-ac69-6bfbcfe183e2,Finance,2025-06-05 22:12:32.42104
209,6f51f56a-b83c-41e1-ac69-6bfbcfe183e2,IT,2025-06-05 22:12:32.42104
210,4b909cff-6390-4e37-a68b-b75039b67371,Finance,2025-06-05 22:12:32.42104
211,4b909cff-6390-4e37-a68b-b75039b67371,IT,2025-06-05 22:12:32.42104
212,4b909cff-6390-4e37-a68b-b75039b67371,R&D,2025-06-05 22:12:32.42104
213,324523b9-8849-4227-9bdf-abeb5b7fa3d4,HR,2025-06-05 22:12:32.42104
214,324523b9-8849-4227-9bdf-abeb5b7fa3d4,Sales,2025-06-05 22:12:32.42104
215,324523b9-8849-4227-9bdf-abeb5b7fa3d4,R&D,2025-06-05 22:12:32.42104
216,4f3c24b2-e8c1-40dd-990f-819b3fc8b772,R&D,2025-06-05 22:12:32.42104
217,4f3c24b2-e8c1-40dd-990f-819b3fc8b772,R&D,2025-06-05 22:12:32.42104
218,4f3c24b2-e8c1-40dd-990f-819b3fc8b772,Finance,2025-06-05 22:12:32.42104
219,4f3c24b2-e8c1-40dd-990f-819b3fc8b772,R&D,2025-06-05 22:12:32.42104
220,366b8bca-2a58-45de-ad0a-ac6a0c3e6cf3,IT,2025-06-05 22:12:32.42104
221,366b8bca-2a58-45de-ad0a-ac6a0c3e6cf3,Marketing,2025-06-05 22:12:32.42104
222,366b8bca-2a58-45de-ad0a-ac6a0c3e6cf3,Sales,2025-06-05 22:12:32.42104
223,b15081b9-2e8d-4a34-99cc-2632e07176ee,Sales,2025-06-05 22:12:32.42104
224,b15081b9-2e8d-4a34-99cc-2632e07176ee,Sales,2025-06-05 22:12:32.42104
225,b15081b9-2e8d-4a34-99cc-2632e07176ee,Marketing,2025-06-05 22:12:32.42104
226,b15081b9-2e8d-4a34-99cc-2632e07176ee,R&D,2025-06-05 22:12:32.42104
227,f9813eea-e515-4bc2-bd3d-efa66b65cd50,Finance,2025-06-05 22:12:32.42104
228,f9813eea-e515-4bc2-bd3d-efa66b65cd50,R&D,2025-06-05 22:12:32.42104
229,e3d2df42-fa2d-4aa9-ac61-1cb83d4fcca9,HR,2025-06-05 22:12:32.42104
230,e3d2df42-fa2d-4aa9-ac61-1cb83d4fcca9,Finance,2025-06-05 22:12:32.42104
231,e3d2df42-fa2d-4aa9-ac61-1cb83d4fcca9,HR,2025-06-05 22:12:32.42104
232,e3d2df42-fa2d-4aa9-ac61-1cb83d4fcca9,Marketing,2025-06-05 22:12:32.42104
233,09ee65b1-8a94-4004-b83a-3bfb9dd81c51,Sales,2025-06-05 22:12:32.42104
234,09ee65b1-8a94-4004-b83a-3bfb9dd81c51,R&D,2025-06-05 22:12:32.42104
235,09ee65b1-8a94-4004-b83a-3bfb9dd81c51,Finance,2025-06-05 22:12:32.42104
236,09ee65b1-8a94-4004-b83a-3bfb9dd81c51,Marketing,2025-06-05 22:12:32.42104
237,09ee65b1-8a94-4004-b83a-3bfb9dd81c51,HR,2025-06-05 22:12:32.42104
238,2a1ec284-7212-41fb-92f0-6664c906e9be,HR,2025-06-05 22:12:32.42104
239,2a1ec284-7212-41fb-92f0-6664c906e9be,R&D,2025-06-05 22:12:32.42104
240,2a1ec284-7212-41fb-92f0-6664c906e9be,Marketing,2025-06-05 22:12:32.42104
241,2a1ec284-7212-41fb-92f0-6664c906e9be,IT,2025-06-05 22:12:32.42104
242,2a1ec284-7212-41fb-92f0-6664c906e9be,Finance,2025-06-05 22:12:32.42104
243,3a1b85d2-a291-4fbf-9766-eb793b4107f6,Sales,2025-06-05 22:12:32.42104
244,3a1b85d2-a291-4fbf-9766-eb793b4107f6,Sales,2025-06-05 22:12:32.42104
245,3a1b85d2-a291-4fbf-9766-eb793b4107f6,Sales,2025-06-05 22:12:32.42104
246,3a1b85d2-a291-4fbf-9766-eb793b4107f6,IT,2025-06-05 22:12:32.42104
247,3a1b85d2-a291-4fbf-9766-eb793b4107f6,Marketing,2025-06-05 22:12:32.42104
248,db284501-502f-49fe-aacd-ccaf1320ff09,Finance,2025-06-05 22:12:32.42104
249,db284501-502f-49fe-aacd-ccaf1320ff09,IT,2025-06-05 22:12:32.42104
250,bbbbd3e4-f36d-4e3c-9142-b01a1384621a,Sales,2025-06-05 22:12:32.42104
251,bbbbd3e4-f36d-4e3c-9142-b01a1384621a,Finance,2025-06-05 22:12:32.42104
252,bbbbd3e4-f36d-4e3c-9142-b01a1384621a,IT,2025-06-05 22:12:32.42104
253,a47cc7e9-2ea5-4124-931e-2a5af2c06054,Marketing,2025-06-05 22:12:32.42104
254,a47cc7e9-2ea5-4124-931e-2a5af2c06054,Sales,2025-06-05 22:12:32.42104
255,a47cc7e9-2ea5-4124-931e-2a5af2c06054,HR,2025-06-05 22:12:32.42104
256,a47cc7e9-2ea5-4124-931e-2a5af2c06054,Sales,2025-06-05 22:12:32.42104
257,a47cc7e9-2ea5-4124-931e-2a5af2c06054,Sales,2025-06-05 22:12:32.42104
258,1cb65a9f-44ca-4fd1-b79a-d072d931d939,IT,2025-06-05 22:12:32.42104
259,1cb65a9f-44ca-4fd1-b79a-d072d931d939,IT,2025-06-05 22:12:32.42104
260,1cb65a9f-44ca-4fd1-b79a-d072d931d939,IT,2025-06-05 22:12:32.42104
261,1cb65a9f-44ca-4fd1-b79a-d072d931d939,R&D,2025-06-05 22:12:32.42104
262,e2f24418-9f7a-45d8-995c-6098343c4382,Finance,2025-06-05 22:12:32.42104
263,e2f24418-9f7a-45d8-995c-6098343c4382,Sales,2025-06-05 22:12:32.42104
264,e2f24418-9f7a-45d8-995c-6098343c4382,Finance,2025-06-05 22:12:32.42104
265,e2f24418-9f7a-45d8-995c-6098343c4382,Marketing,2025-06-05 22:12:32.42104
266,173d6ca6-c8c7-44cf-ac53-c00ec0a3a138,IT,2025-06-05 22:12:32.42104
267,173d6ca6-c8c7-44cf-ac53-c00ec0a3a138,Marketing,2025-06-05 22:12:32.42104
268,173d6ca6-c8c7-44cf-ac53-c00ec0a3a138,R&D,2025-06-05 22:12:32.42104
269,173d6ca6-c8c7-44cf-ac53-c00ec0a3a138,Marketing,2025-06-05 22:12:32.42104
270,173d6ca6-c8c7-44cf-ac53-c00ec0a3a138,Sales,2025-06-05 22:12:32.42104
271,1eff065d-194e-4b75-ab65-393365a5d767,HR,2025-06-05 22:12:32.42104
272,1eff065d-194e-4b75-ab65-393365a5d767,Finance,2025-06-05 22:12:32.42104
273,1eff065d-194e-4b75-ab65-393365a5d767,HR,2025-06-05 22:12:32.42104
274,1eff065d-194e-4b75-ab65-393365a5d767,HR,2025-06-05 22:12:32.42104
275,1eff065d-194e-4b75-ab65-393365a5d767,R&D,2025-06-05 22:12:32.42104
276,6a380cae-8c30-4870-ab0d-2cfe3559d9b4,Sales,2025-06-05 22:12:32.42104
277,6a380cae-8c30-4870-ab0d-2cfe3559d9b4,Marketing,2025-06-05 22:12:32.42104
278,7a2717ea-ef32-44d0-a6a8-cbf0e760459d,HR,2025-06-05 22:12:32.42104
279,7a2717ea-ef32-44d0-a6a8-cbf0e760459d,Marketing,2025-06-05 22:12:32.42104
280,7a2717ea-ef32-44d0-a6a8-cbf0e760459d,Finance,2025-06-05 22:12:32.42104
281,52b31a94-91ad-42b3-a4d7-61143ea14bef,Finance,2025-06-05 22:12:32.42104
282,52b31a94-91ad-42b3-a4d7-61143ea14bef,Marketing,2025-06-05 22:12:32.42104
283,091a1228-a20c-4a92-9c11-bfb68c1635cd,Sales,2025-06-05 22:12:32.42104
284,091a1228-a20c-4a92-9c11-bfb68c1635cd,Sales,2025-06-05 22:12:32.42104
285,091a1228-a20c-4a92-9c11-bfb68c1635cd,Sales,2025-06-05 22:12:32.42104
286,091a1228-a20c-4a92-9c11-bfb68c1635cd,Sales,2025-06-05 22:12:32.42104
287,ec2c35d7-0d87-41f0-99d8-174207ec5cd0,R&D,2025-06-05 22:12:32.42104
288,ec2c35d7-0d87-41f0-99d8-174207ec5cd0,HR,2025-06-05 22:12:32.42104
289,ec2c35d7-0d87-41f0-99d8-174207ec5cd0,Marketing,2025-06-05 22:12:32.42104
290,ec2c35d7-0d87-41f0-99d8-174207ec5cd0,Finance,2025-06-05 22:12:32.42104
291,8c60f447-ca8b-4d78-b5da-9fed80d1fe2f,HR,2025-06-05 22:12:32.42104
292,8c60f447-ca8b-4d78-b5da-9fed80d1fe2f,HR,2025-06-05 22:12:32.42104
293,f4624322-07fd-43ba-bfa4-475a43c2d6ba,Marketing,2025-06-05 22:12:32.42104
294,f4624322-07fd-43ba-bfa4-475a43c2d6ba,HR,2025-06-05 22:12:32.42104
295,f4624322-07fd-43ba-bfa4-475a43c2d6ba,R&D,2025-06-05 22:12:32.42104
296,f4624322-07fd-43ba-bfa4-475a43c2d6ba,Marketing,2025-06-05 22:12:32.42104
297,ee07b9f9-7727-450a-9123-9e124125c905,Marketing,2025-06-05 22:12:32.42104
298,ee07b9f9-7727-450a-9123-9e124125c905,Sales,2025-06-05 22:12:32.42104
299,ee07b9f9-7727-450a-9123-9e124125c905,Finance,2025-06-05 22:12:32.42104
300,ee07b9f9-7727-450a-9123-9e124125c905,R&D,2025-06-05 22:12:32.42104
301,5f435529-b45e-4f05-b3c6-2b7f61933db8,IT,2025-06-05 22:12:32.42104
302,5f435529-b45e-4f05-b3c6-2b7f61933db8,Finance,2025-06-05 22:12:32.42104
303,5f435529-b45e-4f05-b3c6-2b7f61933db8,Marketing,2025-06-05 22:12:32.42104
304,5f435529-b45e-4f05-b3c6-2b7f61933db8,Sales,2025-06-05 22:12:32.42104
305,5f435529-b45e-4f05-b3c6-2b7f61933db8,Finance,2025-06-05 22:12:32.42104
306,c79393cb-da97-425e-a6e0-3c492eed766a,R&D,2025-06-05 22:12:32.42104
307,c79393cb-da97-425e-a6e0-3c492eed766a,HR,2025-06-05 22:12:32.42104
308,42f380c0-6138-42b3-97a0-358348384c43,HR,2025-06-05 22:12:32.42104
309,42f380c0-6138-42b3-97a0-358348384c43,IT,2025-06-05 22:12:32.42104
310,42f380c0-6138-42b3-97a0-358348384c43,Marketing,2025-06-05 22:12:32.42104
311,42f380c0-6138-42b3-97a0-358348384c43,Finance,2025-06-05 22:12:32.42104
312,42f380c0-6138-42b3-97a0-358348384c43,R&D,2025-06-05 22:12:32.42104
313,27470c25-86c5-434e-a973-7faf24ab8359,Sales,2025-06-05 22:12:32.42104
314,27470c25-86c5-434e-a973-7faf24ab8359,IT,2025-06-05 22:12:32.42104
315,c84c24c3-c161-4044-af43-488b73b3ef1c,Finance,2025-06-05 22:12:32.42104
316,c84c24c3-c161-4044-af43-488b73b3ef1c,Sales,2025-06-05 22:12:32.42104
317,c84c24c3-c161-4044-af43-488b73b3ef1c,IT,2025-06-05 22:12:32.42104
318,c84c24c3-c161-4044-af43-488b73b3ef1c,IT,2025-06-05 22:12:32.42104
319,4f47a1fc-4523-49ef-8c27-61a6f633da24,Finance,2025-06-05 22:12:32.42104
320,4f47a1fc-4523-49ef-8c27-61a6f633da24,Sales,2025-06-05 22:12:32.42104
321,4f47a1fc-4523-49ef-8c27-61a6f633da24,Marketing,2025-06-05 22:12:32.42104
322,4f47a1fc-4523-49ef-8c27-61a6f633da24,R&D,2025-06-05 22:12:32.42104
323,4f47a1fc-4523-49ef-8c27-61a6f633da24,HR,2025-06-05 22:12:32.42104
324,e1f0fc2d-f878-4b42-94bb-15f644ccd076,Marketing,2025-06-05 22:12:32.42104
325,e1f0fc2d-f878-4b42-94bb-15f644ccd076,HR,2025-06-05 22:12:32.42104
326,5cac0daa-3470-49d4-b8ea-f090cd3ff573,Marketing,2025-06-05 22:12:32.42104
327,5cac0daa-3470-49d4-b8ea-f090cd3ff573,R&D,2025-06-05 22:12:32.42104
328,5cac0daa-3470-49d4-b8ea-f090cd3ff573,Sales,2025-06-05 22:12:32.42104
329,5cac0daa-3470-49d4-b8ea-f090cd3ff573,HR,2025-06-05 22:12:32.42104
330,72d0dde2-80dd-4cd6-8cb1-c6c6899776bf,IT,2025-06-05 22:12:32.42104
331,72d0dde2-80dd-4cd6-8cb1-c6c6899776bf,Sales,2025-06-05 22:12:32.42104
332,6f7aa4a1-149a-4a52-8218-c43febfcad8e,Sales,2025-06-05 22:12:32.42104
333,6f7aa4a1-149a-4a52-8218-c43febfcad8e,Sales,2025-06-05 22:12:32.42104
334,e0c4a0dc-5879-44ae-a045-5607b5754422,Marketing,2025-06-05 22:12:32.42104
335,e0c4a0dc-5879-44ae-a045-5607b5754422,Finance,2025-06-05 22:12:32.42104
336,e0c4a0dc-5879-44ae-a045-5607b5754422,R&D,2025-06-05 22:12:32.42104
337,42e337ed-26d7-4fd3-95b8-95b2441c9c80,IT,2025-06-05 22:12:32.42104
338,42e337ed-26d7-4fd3-95b8-95b2441c9c80,IT,2025-06-05 22:12:32.42104
339,42e337ed-26d7-4fd3-95b8-95b2441c9c80,R&D,2025-06-05 22:12:32.42104
340,42e337ed-26d7-4fd3-95b8-95b2441c9c80,Finance,2025-06-05 22:12:32.42104
341,42e337ed-26d7-4fd3-95b8-95b2441c9c80,Marketing,2025-06-05 22:12:32.42104
342,b4cc7afd-c55a-463a-b6a2-41b176e23a17,Sales,2025-06-05 22:12:32.42104
343,b4cc7afd-c55a-463a-b6a2-41b176e23a17,R&D,2025-06-05 22:12:32.42104
344,b4cc7afd-c55a-463a-b6a2-41b176e23a17,Finance,2025-06-05 22:12:32.42104
345,b4cc7afd-c55a-463a-b6a2-41b176e23a17,IT,2025-06-05 22:12:32.42104
346,b4cc7afd-c55a-463a-b6a2-41b176e23a17,Finance,2025-06-05 22:12:32.42104
347,fbdf6ae8-c936-4ec4-ab5f-03315ce08442,Sales,2025-06-05 22:12:32.42104
348,fbdf6ae8-c936-4ec4-ab5f-03315ce08442,HR,2025-06-05 22:12:32.42104
349,fbdf6ae8-c936-4ec4-ab5f-03315ce08442,HR,2025-06-05 22:12:32.42104
350,b7267077-402e-4ecb-b7bd-41dcf9b84755,Finance,2025-06-05 22:12:32.42104
351,b7267077-402e-4ecb-b7bd-41dcf9b84755,Marketing,2025-06-05 22:12:32.42104
352,b7267077-402e-4ecb-b7bd-41dcf9b84755,IT,2025-06-05 22:12:32.42104
353,9ad17de9-38d9-4fdc-aea4-ed7d6f875732,R&D,2025-06-05 22:12:32.42104
354,9ad17de9-38d9-4fdc-aea4-ed7d6f875732,Finance,2025-06-05 22:12:32.42104
355,9ad17de9-38d9-4fdc-aea4-ed7d6f875732,R&D,2025-06-05 22:12:32.42104
356,9ad17de9-38d9-4fdc-aea4-ed7d6f875732,R&D,2025-06-05 22:12:32.42104
357,9ad17de9-38d9-4fdc-aea4-ed7d6f875732,Finance,2025-06-05 22:12:32.42104
358,7bca916c-b0d6-4cee-9a24-9e38f9983d77,Marketing,2025-06-05 22:12:32.42104
359,7bca916c-b0d6-4cee-9a24-9e38f9983d77,Marketing,2025-06-05 22:12:32.42104
360,041b9e6d-18e9-4ee5-b4b6-35e64cfd7ed1,Marketing,2025-06-05 22:12:32.42104
361,041b9e6d-18e9-4ee5-b4b6-35e64cfd7ed1,IT,2025-06-05 22:12:32.42104
362,041b9e6d-18e9-4ee5-b4b6-35e64cfd7ed1,Sales,2025-06-05 22:12:32.42104
363,041b9e6d-18e9-4ee5-b4b6-35e64cfd7ed1,R&D,2025-06-05 22:12:32.42104
364,bab61b41-9c90-43db-9c5d-396b2cd22aeb,HR,2025-06-05 22:12:32.42104
365,bab61b41-9c90-43db-9c5d-396b2cd22aeb,Sales,2025-06-05 22:12:32.42104
366,bab61b41-9c90-43db-9c5d-396b2cd22aeb,HR,2025-06-05 22:12:32.42104
367,bab61b41-9c90-43db-9c5d-396b2cd22aeb,IT,2025-06-05 22:12:32.42104
368,bab61b41-9c90-43db-9c5d-396b2cd22aeb,Sales,2025-06-05 22:12:32.42104
369,647c33d2-5c76-474f-8b16-10cf6b1ee4ae,HR,2025-06-05 22:12:32.42104
370,647c33d2-5c76-474f-8b16-10cf6b1ee4ae,IT,2025-06-05 22:12:32.42104
371,647c33d2-5c76-474f-8b16-10cf6b1ee4ae,Marketing,2025-06-05 22:12:32.42104
372,647c33d2-5c76-474f-8b16-10cf6b1ee4ae,Sales,2025-06-05 22:12:32.42104
373,694605aa-1eb5-414d-9402-104ce0e8fed4,Finance,2025-06-05 22:12:32.42104
374,694605aa-1eb5-414d-9402-104ce0e8fed4,IT,2025-06-05 22:12:32.42104
375,46339973-d78d-4cb6-8d9d-203dd7f6bad9,Marketing,2025-06-05 22:12:32.42104
376,46339973-d78d-4cb6-8d9d-203dd7f6bad9,Finance,2025-06-05 22:12:32.42104
377,46339973-d78d-4cb6-8d9d-203dd7f6bad9,Finance,2025-06-05 22:12:32.42104
378,46339973-d78d-4cb6-8d9d-203dd7f6bad9,HR,2025-06-05 22:12:32.42104
379,8631efc5-3485-47a1-9d2a-b99186709448,HR,2025-06-05 22:12:32.42104
380,8631efc5-3485-47a1-9d2a-b99186709448,Sales,2025-06-05 22:12:32.42104
381,d417387f-0a38-4033-b03b-662908f0c4ce,Marketing,2025-06-05 22:12:32.42104
382,d417387f-0a38-4033-b03b-662908f0c4ce,Marketing,2025-06-05 22:12:32.42104
383,d417387f-0a38-4033-b03b-662908f0c4ce,HR,2025-06-05 22:12:32.42104
384,d417387f-0a38-4033-b03b-662908f0c4ce,R&D,2025-06-05 22:12:32.42104
385,11bee960-a38d-4022-9a29-ce54497b00f0,Sales,2025-06-05 22:12:32.42104
386,11bee960-a38d-4022-9a29-ce54497b00f0,IT,2025-06-05 22:12:32.42104
387,a9a700ac-a992-4ec9-8b0c-1bfe20490b05,IT,2025-06-05 22:12:32.42104
388,a9a700ac-a992-4ec9-8b0c-1bfe20490b05,IT,2025-06-05 22:12:32.42104
389,a9a700ac-a992-4ec9-8b0c-1bfe20490b05,HR,2025-06-05 22:12:32.42104
390,a9a700ac-a992-4ec9-8b0c-1bfe20490b05,Finance,2025-06-05 22:12:32.42104
391,1524b3e4-1be4-43c8-9316-1d912d595c8c,Marketing,2025-06-05 22:12:32.42104
392,1524b3e4-1be4-43c8-9316-1d912d595c8c,Finance,2025-06-05 22:12:32.42104
393,1524b3e4-1be4-43c8-9316-1d912d595c8c,Marketing,2025-06-05 22:12:32.42104
394,1524b3e4-1be4-43c8-9316-1d912d595c8c,HR,2025-06-05 22:12:32.42104
395,48ba99da-87a4-4760-a7b9-0149608d56be,Finance,2025-06-05 22:12:32.42104
396,48ba99da-87a4-4760-a7b9-0149608d56be,HR,2025-06-05 22:12:32.42104
397,881a9337-595b-46b1-86e2-e4c0decd20eb,Finance,2025-06-05 22:12:32.42104
398,881a9337-595b-46b1-86e2-e4c0decd20eb,IT,2025-06-05 22:12:32.42104
399,ae23c757-aaed-4564-8c1a-eea37989a477,Finance,2025-06-05 22:12:32.42104
400,ae23c757-aaed-4564-8c1a-eea37989a477,R&D,2025-06-05 22:12:32.42104
401,ae23c757-aaed-4564-8c1a-eea37989a477,Sales,2025-06-05 22:12:32.42104
402,662b991b-ac5b-4e65-994b-16ce7d879cb5,IT,2025-06-05 22:12:32.42104
403,662b991b-ac5b-4e65-994b-16ce7d879cb5,R&D,2025-06-05 22:12:32.42104
404,662b991b-ac5b-4e65-994b-16ce7d879cb5,Finance,2025-06-05 22:12:32.42104
405,662b991b-ac5b-4e65-994b-16ce7d879cb5,Finance,2025-06-05 22:12:32.42104
406,662b991b-ac5b-4e65-994b-16ce7d879cb5,HR,2025-06-05 22:12:32.42104
407,7adab5e0-a84d-45e6-a4c3-9ebcb7d11cd2,Sales,2025-06-05 22:12:32.42104
408,7adab5e0-a84d-45e6-a4c3-9ebcb7d11cd2,Sales,2025-06-05 22:12:32.42104
409,3976087b-7440-4a16-8191-bc37a52faf4f,IT,2025-06-05 22:12:32.42104
410,3976087b-7440-4a16-8191-bc37a52faf4f,R&D,2025-06-05 22:12:32.42104
411,2d103469-5e78-4bef-8e14-1dbbb3d3a954,R&D,2025-06-05 22:12:32.42104
412,2d103469-5e78-4bef-8e14-1dbbb3d3a954,R&D,2025-06-05 22:12:32.42104
413,9d8996a1-81fa-4489-aca5-bd0987079f14,IT,2025-06-05 22:12:32.42104
414,9d8996a1-81fa-4489-aca5-bd0987079f14,Sales,2025-06-05 22:12:32.42104
415,f2e63493-7d95-4917-9a2e-a1a02afca970,IT,2025-06-05 22:12:32.42104
416,f2e63493-7d95-4917-9a2e-a1a02afca970,Finance,2025-06-05 22:12:32.42104
417,f2e63493-7d95-4917-9a2e-a1a02afca970,Finance,2025-06-05 22:12:32.42104
418,eca6c481-a77a-438f-b333-90d2d0b82eea,HR,2025-06-05 22:12:32.42104
419,eca6c481-a77a-438f-b333-90d2d0b82eea,IT,2025-06-05 22:12:32.42104
420,eca6c481-a77a-438f-b333-90d2d0b82eea,Sales,2025-06-05 22:12:32.42104
421,eca6c481-a77a-438f-b333-90d2d0b82eea,R&D,2025-06-05 22:12:32.42104
422,eca6c481-a77a-438f-b333-90d2d0b82eea,Finance,2025-06-05 22:12:32.42104
423,2560be6a-f06d-4755-947a-78815c9abb91,Marketing,2025-06-05 22:12:32.42104
424,2560be6a-f06d-4755-947a-78815c9abb91,Marketing,2025-06-05 22:12:32.42104
425,2560be6a-f06d-4755-947a-78815c9abb91,Sales,2025-06-05 22:12:32.42104
426,2560be6a-f06d-4755-947a-78815c9abb91,Finance,2025-06-05 22:12:32.42104
427,d0c5363d-7a2f-4d57-be80-d44d5fc54d8b,R&D,2025-06-05 22:12:32.42104
428,d0c5363d-7a2f-4d57-be80-d44d5fc54d8b,IT,2025-06-05 22:12:32.42104
429,d0c5363d-7a2f-4d57-be80-d44d5fc54d8b,HR,2025-06-05 22:12:32.42104
430,d0c5363d-7a2f-4d57-be80-d44d5fc54d8b,Marketing,2025-06-05 22:12:32.42104
431,4dbd493b-28f1-4426-becf-1d7446bcd54e,Sales,2025-06-05 22:12:32.42104
432,4dbd493b-28f1-4426-becf-1d7446bcd54e,Sales,2025-06-05 22:12:32.42104
433,4dbd493b-28f1-4426-becf-1d7446bcd54e,IT,2025-06-05 22:12:32.42104
434,68dc1b03-f3ac-4f6c-a331-bf67ab3fa568,Sales,2025-06-05 22:12:32.42104
435,68dc1b03-f3ac-4f6c-a331-bf67ab3fa568,HR,2025-06-05 22:12:32.42104
436,68dc1b03-f3ac-4f6c-a331-bf67ab3fa568,Finance,2025-06-05 22:12:32.42104
437,68dc1b03-f3ac-4f6c-a331-bf67ab3fa568,IT,2025-06-05 22:12:32.42104
438,68dc1b03-f3ac-4f6c-a331-bf67ab3fa568,Sales,2025-06-05 22:12:32.42104
439,814e8ba8-118d-4e4e-9ea1-a82bf55c92bc,Sales,2025-06-05 22:12:32.42104
440,814e8ba8-118d-4e4e-9ea1-a82bf55c92bc,Finance,2025-06-05 22:12:32.42104
441,814e8ba8-118d-4e4e-9ea1-a82bf55c92bc,Marketing,2025-06-05 22:12:32.42104
442,814e8ba8-118d-4e4e-9ea1-a82bf55c92bc,R&D,2025-06-05 22:12:32.42104
443,814e8ba8-118d-4e4e-9ea1-a82bf55c92bc,Finance,2025-06-05 22:12:32.42104
444,40790c57-1b51-4960-ac6e-ca1aed51671d,R&D,2025-06-05 22:12:32.42104
445,40790c57-1b51-4960-ac6e-ca1aed51671d,R&D,2025-06-05 22:12:32.42104
446,40790c57-1b51-4960-ac6e-ca1aed51671d,HR,2025-06-05 22:12:32.42104
447,40790c57-1b51-4960-ac6e-ca1aed51671d,IT,2025-06-05 22:12:32.42104
448,26a86ee0-9673-456e-a0f6-04c877cbc850,Marketing,2025-06-05 22:12:32.42104
449,26a86ee0-9673-456e-a0f6-04c877cbc850,Sales,2025-06-05 22:12:32.42104
450,b8efd4bf-93ff-446a-b743-735cdd12c9de,Sales,2025-06-05 22:12:32.42104
451,b8efd4bf-93ff-446a-b743-735cdd12c9de,Marketing,2025-06-05 22:12:32.42104
452,b8efd4bf-93ff-446a-b743-735cdd12c9de,IT,2025-06-05 22:12:32.42104
453,b8efd4bf-93ff-446a-b743-735cdd12c9de,HR,2025-06-05 22:12:32.42104
454,b8efd4bf-93ff-446a-b743-735cdd12c9de,Marketing,2025-06-05 22:12:32.42104
455,2e2eb944-e21b-4f8a-8511-d53bca9d61c7,Finance,2025-06-05 22:12:32.42104
456,2e2eb944-e21b-4f8a-8511-d53bca9d61c7,IT,2025-06-05 22:12:32.42104
457,2e2eb944-e21b-4f8a-8511-d53bca9d61c7,Marketing,2025-06-05 22:12:32.42104
458,3c50db41-6814-4208-8a56-1a1b69aaf892,IT,2025-06-05 22:12:32.42104
459,3c50db41-6814-4208-8a56-1a1b69aaf892,Finance,2025-06-05 22:12:32.42104
460,3c50db41-6814-4208-8a56-1a1b69aaf892,Sales,2025-06-05 22:12:32.42104
461,01600744-1355-4352-a932-314fed4e3ebf,Sales,2025-06-05 22:12:32.42104
462,01600744-1355-4352-a932-314fed4e3ebf,IT,2025-06-05 22:12:32.42104
463,01600744-1355-4352-a932-314fed4e3ebf,IT,2025-06-05 22:12:32.42104
464,fc5864a2-9972-49a6-b94a-aa76977204f3,Sales,2025-06-05 22:12:32.42104
465,fc5864a2-9972-49a6-b94a-aa76977204f3,Sales,2025-06-05 22:12:32.42104
466,fc5864a2-9972-49a6-b94a-aa76977204f3,HR,2025-06-05 22:12:32.42104
467,fc5864a2-9972-49a6-b94a-aa76977204f3,Sales,2025-06-05 22:12:32.42104
468,fc5864a2-9972-49a6-b94a-aa76977204f3,Marketing,2025-06-05 22:12:32.42104
469,547899af-dc59-4416-a5f9-6d4a9c5ff291,IT,2025-06-05 22:12:32.42104
470,547899af-dc59-4416-a5f9-6d4a9c5ff291,Finance,2025-06-05 22:12:32.42104
471,547899af-dc59-4416-a5f9-6d4a9c5ff291,Finance,2025-06-05 22:12:32.42104
472,547899af-dc59-4416-a5f9-6d4a9c5ff291,R&D,2025-06-05 22:12:32.42104
473,547899af-dc59-4416-a5f9-6d4a9c5ff291,HR,2025-06-05 22:12:32.42104
474,aa0d8fc8-bd0c-4040-9de1-7110493fb382,IT,2025-06-05 22:12:32.42104
475,aa0d8fc8-bd0c-4040-9de1-7110493fb382,HR,2025-06-05 22:12:32.42104
476,aa0d8fc8-bd0c-4040-9de1-7110493fb382,R&D,2025-06-05 22:12:32.42104
477,aa0d8fc8-bd0c-4040-9de1-7110493fb382,IT,2025-06-05 22:12:32.42104
478,aa0d8fc8-bd0c-4040-9de1-7110493fb382,HR,2025-06-05 22:12:32.42104
479,0bfd1e81-b64e-4e60-9df8-b1c4c89b95e0,IT,2025-06-05 22:12:32.42104
480,0bfd1e81-b64e-4e60-9df8-b1c4c89b95e0,HR,2025-06-05 22:12:32.42104
481,a3ed0cfe-93c5-4bcf-bda0-cc8797392af5,R&D,2025-06-05 22:12:32.42104
482,a3ed0cfe-93c5-4bcf-bda0-cc8797392af5,HR,2025-06-05 22:12:32.42104
483,6cd557b2-42bb-4c73-bd46-502b61db631b,R&D,2025-06-05 22:12:32.42104
484,6cd557b2-42bb-4c73-bd46-502b61db631b,Marketing,2025-06-05 22:12:32.42104
485,6cd557b2-42bb-4c73-bd46-502b61db631b,Marketing,2025-06-05 22:12:32.42104
486,6cd557b2-42bb-4c73-bd46-502b61db631b,R&D,2025-06-05 22:12:32.42104
487,228246ff-de4f-4e89-92c1-0177bea1ed32,Marketing,2025-06-05 22:12:32.42104
488,228246ff-de4f-4e89-92c1-0177bea1ed32,HR,2025-06-05 22:12:32.42104
489,228246ff-de4f-4e89-92c1-0177bea1ed32,R&D,2025-06-05 22:12:32.42104
490,7f6452e6-ed02-40a3-933b-5fa3836bf2a8,Finance,2025-06-05 22:12:32.42104
491,7f6452e6-ed02-40a3-933b-5fa3836bf2a8,Finance,2025-06-05 22:12:32.42104
492,b1311879-052a-456f-8f44-3d86e703de6c,Finance,2025-06-05 22:12:32.42104
493,b1311879-052a-456f-8f44-3d86e703de6c,Marketing,2025-06-05 22:12:32.42104
494,b1311879-052a-456f-8f44-3d86e703de6c,Sales,2025-06-05 22:12:32.42104
495,b1311879-052a-456f-8f44-3d86e703de6c,Finance,2025-06-05 22:12:32.42104
496,b1311879-052a-456f-8f44-3d86e703de6c,R&D,2025-06-05 22:12:32.42104
497,26b9543b-f390-4a9d-a86b-1026b11292f7,Marketing,2025-06-05 22:12:32.42104
498,26b9543b-f390-4a9d-a86b-1026b11292f7,Finance,2025-06-05 22:12:32.42104
499,1822b88d-5931-4edf-acf1-8ed534b45db2,Marketing,2025-06-05 22:12:32.42104
500,1822b88d-5931-4edf-acf1-8ed534b45db2,Finance,2025-06-05 22:12:32.42104
501,eb658c7a-0300-4c2a-b662-7c1e2de858e3,Sales,2025-06-05 22:12:32.42104
502,eb658c7a-0300-4c2a-b662-7c1e2de858e3,IT,2025-06-05 22:12:32.42104
503,eb658c7a-0300-4c2a-b662-7c1e2de858e3,R&D,2025-06-05 22:12:32.42104
504,b1b3dbc6-65d7-4079-bea2-75f1ce46e795,Sales,2025-06-05 22:12:32.42104
505,b1b3dbc6-65d7-4079-bea2-75f1ce46e795,HR,2025-06-05 22:12:32.42104
506,b1b3dbc6-65d7-4079-bea2-75f1ce46e795,R&D,2025-06-05 22:12:32.42104
507,b1b3dbc6-65d7-4079-bea2-75f1ce46e795,Finance,2025-06-05 22:12:32.42104
508,b1b3dbc6-65d7-4079-bea2-75f1ce46e795,R&D,2025-06-05 22:12:32.42104
509,a89b3ee6-cf01-4dad-8817-9357bb532cc5,Sales,2025-06-05 22:12:32.42104
510,a89b3ee6-cf01-4dad-8817-9357bb532cc5,Sales,2025-06-05 22:12:32.42104
511,a89b3ee6-cf01-4dad-8817-9357bb532cc5,R&D,2025-06-05 22:12:32.42104
512,cb3a9071-018b-4ffd-89df-7559c5bb696a,IT,2025-06-05 22:12:32.42104
513,cb3a9071-018b-4ffd-89df-7559c5bb696a,Sales,2025-06-05 22:12:32.42104
514,cb3a9071-018b-4ffd-89df-7559c5bb696a,IT,2025-06-05 22:12:32.42104
515,cb3a9071-018b-4ffd-89df-7559c5bb696a,Finance,2025-06-05 22:12:32.42104
516,8a820d39-3844-479a-97e2-10208ad8c950,HR,2025-06-05 22:12:32.42104
517,8a820d39-3844-479a-97e2-10208ad8c950,R&D,2025-06-05 22:12:32.42104
518,8a820d39-3844-479a-97e2-10208ad8c950,HR,2025-06-05 22:12:32.42104
519,7fe2a4ff-eddb-468a-beac-552f04bd7428,Marketing,2025-06-05 22:12:32.42104
520,7fe2a4ff-eddb-468a-beac-552f04bd7428,R&D,2025-06-05 22:12:32.42104
521,4f8a2f72-84ce-4fe7-92a7-cf17c1968b02,Marketing,2025-06-05 22:12:32.42104
522,4f8a2f72-84ce-4fe7-92a7-cf17c1968b02,R&D,2025-06-05 22:12:32.42104
523,4f8a2f72-84ce-4fe7-92a7-cf17c1968b02,IT,2025-06-05 22:12:32.42104
524,4f8a2f72-84ce-4fe7-92a7-cf17c1968b02,Finance,2025-06-05 22:12:32.42104
525,4f8a2f72-84ce-4fe7-92a7-cf17c1968b02,Marketing,2025-06-05 22:12:32.42104
526,463ce011-15f1-4809-ac77-2fb5545bd19d,R&D,2025-06-05 22:12:32.42104
527,463ce011-15f1-4809-ac77-2fb5545bd19d,Sales,2025-06-05 22:12:32.42104
528,7b545312-a047-4ca3-b816-bb567b151fcc,IT,2025-06-05 22:12:32.42104
529,7b545312-a047-4ca3-b816-bb567b151fcc,R&D,2025-06-05 22:12:32.42104
530,7b545312-a047-4ca3-b816-bb567b151fcc,IT,2025-06-05 22:12:32.42104
531,710e82ea-ee29-4755-9933-2212fb5ae216,IT,2025-06-05 22:12:32.42104
532,710e82ea-ee29-4755-9933-2212fb5ae216,HR,2025-06-05 22:12:32.42104
533,710e82ea-ee29-4755-9933-2212fb5ae216,Sales,2025-06-05 22:12:32.42104
534,7e34a5d4-680b-4e46-9bcd-705197defa3d,IT,2025-06-05 22:12:32.42104
535,7e34a5d4-680b-4e46-9bcd-705197defa3d,Finance,2025-06-05 22:12:32.42104
536,7e34a5d4-680b-4e46-9bcd-705197defa3d,HR,2025-06-05 22:12:32.42104
537,8cdd981d-ca9e-4f5d-b7c4-ce8f455e8349,Marketing,2025-06-05 22:12:32.42104
538,8cdd981d-ca9e-4f5d-b7c4-ce8f455e8349,R&D,2025-06-05 22:12:32.42104
539,8cdd981d-ca9e-4f5d-b7c4-ce8f455e8349,IT,2025-06-05 22:12:32.42104
540,8cdd981d-ca9e-4f5d-b7c4-ce8f455e8349,R&D,2025-06-05 22:12:32.42104
541,8cdd981d-ca9e-4f5d-b7c4-ce8f455e8349,Finance,2025-06-05 22:12:32.42104
542,e03303ad-fccf-4040-8bb1-b42b60cf1b56,Finance,2025-06-05 22:12:32.42104
543,e03303ad-fccf-4040-8bb1-b42b60cf1b56,IT,2025-06-05 22:12:32.42104
544,e03303ad-fccf-4040-8bb1-b42b60cf1b56,IT,2025-06-05 22:12:32.42104
545,e03303ad-fccf-4040-8bb1-b42b60cf1b56,HR,2025-06-05 22:12:32.42104
546,e03303ad-fccf-4040-8bb1-b42b60cf1b56,HR,2025-06-05 22:12:32.42104
547,aebf80b5-2daa-4465-aeb5-7c0cb6c5ad8f,HR,2025-06-05 22:12:32.42104
548,aebf80b5-2daa-4465-aeb5-7c0cb6c5ad8f,Marketing,2025-06-05 22:12:32.42104
549,aebf80b5-2daa-4465-aeb5-7c0cb6c5ad8f,IT,2025-06-05 22:12:32.42104
550,aebf80b5-2daa-4465-aeb5-7c0cb6c5ad8f,HR,2025-06-05 22:12:32.42104
551,aebf80b5-2daa-4465-aeb5-7c0cb6c5ad8f,Marketing,2025-06-05 22:12:32.42104
552,9efe2ef2-1a03-4aff-ba9f-75062acdce86,Sales,2025-06-05 22:12:32.42104
553,9efe2ef2-1a03-4aff-ba9f-75062acdce86,R&D,2025-06-05 22:12:32.42104
554,9efe2ef2-1a03-4aff-ba9f-75062acdce86,IT,2025-06-05 22:12:32.42104
555,9efe2ef2-1a03-4aff-ba9f-75062acdce86,Marketing,2025-06-05 22:12:32.42104
556,9efe2ef2-1a03-4aff-ba9f-75062acdce86,Marketing,2025-06-05 22:12:32.42104
557,7fdc401c-7c24-47f5-8f21-7dbb278f06cf,Marketing,2025-06-05 22:12:32.42104
558,7fdc401c-7c24-47f5-8f21-7dbb278f06cf,Marketing,2025-06-05 22:12:32.42104
559,de95f2f3-28d1-405e-88e5-f5def14ec023,Marketing,2025-06-05 22:12:32.42104
560,de95f2f3-28d1-405e-88e5-f5def14ec023,Finance,2025-06-05 22:12:32.42104
561,de95f2f3-28d1-405e-88e5-f5def14ec023,Finance,2025-06-05 22:12:32.42104
562,de95f2f3-28d1-405e-88e5-f5def14ec023,HR,2025-06-05 22:12:32.42104
563,de95f2f3-28d1-405e-88e5-f5def14ec023,IT,2025-06-05 22:12:32.42104
564,462b23ff-707d-45cd-ac51-92c9cac5ac4a,Marketing,2025-06-05 22:12:32.42104
565,462b23ff-707d-45cd-ac51-92c9cac5ac4a,Finance,2025-06-05 22:12:32.42104
566,462b23ff-707d-45cd-ac51-92c9cac5ac4a,R&D,2025-06-05 22:12:32.42104
567,462b23ff-707d-45cd-ac51-92c9cac5ac4a,HR,2025-06-05 22:12:32.42104
568,462b23ff-707d-45cd-ac51-92c9cac5ac4a,R&D,2025-06-05 22:12:32.42104
569,d3fdb73b-3d96-4c7c-b960-26d735af2e87,Finance,2025-06-05 22:12:32.42104
570,d3fdb73b-3d96-4c7c-b960-26d735af2e87,IT,2025-06-05 22:12:32.42104
571,d3fdb73b-3d96-4c7c-b960-26d735af2e87,Sales,2025-06-05 22:12:32.42104
572,d3fdb73b-3d96-4c7c-b960-26d735af2e87,Marketing,2025-06-05 22:12:32.42104
573,d3fdb73b-3d96-4c7c-b960-26d735af2e87,R&D,2025-06-05 22:12:32.42104
574,2ba21512-c2c3-4244-bbde-c0010c3b6fa3,Sales,2025-06-05 22:12:32.42104
575,2ba21512-c2c3-4244-bbde-c0010c3b6fa3,Marketing,2025-06-05 22:12:32.42104
576,2ba21512-c2c3-4244-bbde-c0010c3b6fa3,HR,2025-06-05 22:12:32.42104
577,2ba21512-c2c3-4244-bbde-c0010c3b6fa3,Sales,2025-06-05 22:12:32.42104
578,8790b046-12b1-431a-a144-76220fb7eb90,IT,2025-06-05 22:12:32.42104
579,8790b046-12b1-431a-a144-76220fb7eb90,R&D,2025-06-05 22:12:32.42104
580,8790b046-12b1-431a-a144-76220fb7eb90,HR,2025-06-05 22:12:32.42104
581,8790b046-12b1-431a-a144-76220fb7eb90,HR,2025-06-05 22:12:32.42104
582,8790b046-12b1-431a-a144-76220fb7eb90,Marketing,2025-06-05 22:12:32.42104
583,98e0d6cc-20e8-4522-9b3b-045732b75eb4,HR,2025-06-05 22:12:32.42104
584,98e0d6cc-20e8-4522-9b3b-045732b75eb4,R&D,2025-06-05 22:12:32.42104
585,1f579ef1-8ba6-493c-a3fc-1a385701da7e,IT,2025-06-05 22:12:32.42104
586,1f579ef1-8ba6-493c-a3fc-1a385701da7e,R&D,2025-06-05 22:12:32.42104
587,ef917f7c-6755-473c-8027-f8b6a14b70ba,R&D,2025-06-05 22:12:32.42104
588,ef917f7c-6755-473c-8027-f8b6a14b70ba,Marketing,2025-06-05 22:12:32.42104
589,ef917f7c-6755-473c-8027-f8b6a14b70ba,Marketing,2025-06-05 22:12:32.42104
590,f48663d5-7cec-48f2-b6c8-c9a6210b1915,Marketing,2025-06-05 22:12:32.42104
591,f48663d5-7cec-48f2-b6c8-c9a6210b1915,HR,2025-06-05 22:12:32.42104
592,f48663d5-7cec-48f2-b6c8-c9a6210b1915,IT,2025-06-05 22:12:32.42104
593,afcd7bb7-e573-4371-94bf-88cc34d4ef3a,Finance,2025-06-05 22:12:32.42104
594,afcd7bb7-e573-4371-94bf-88cc34d4ef3a,R&D,2025-06-05 22:12:32.42104
595,afcd7bb7-e573-4371-94bf-88cc34d4ef3a,Finance,2025-06-05 22:12:32.42104
596,afcd7bb7-e573-4371-94bf-88cc34d4ef3a,HR,2025-06-05 22:12:32.42104
597,afcd7bb7-e573-4371-94bf-88cc34d4ef3a,Marketing,2025-06-05 22:12:32.42104
598,65090f2c-3d5b-4f3e-aa91-23880603926c,R&D,2025-06-05 22:12:32.42104
599,65090f2c-3d5b-4f3e-aa91-23880603926c,Finance,2025-06-05 22:12:32.42104
600,65090f2c-3d5b-4f3e-aa91-23880603926c,Marketing,2025-06-05 22:12:32.42104
601,65090f2c-3d5b-4f3e-aa91-23880603926c,Finance,2025-06-05 22:12:32.42104
602,4739de43-3dbf-42af-a8a2-e2ccf20764bc,HR,2025-06-05 22:12:32.42104
603,4739de43-3dbf-42af-a8a2-e2ccf20764bc,HR,2025-06-05 22:12:32.42104
604,7e3eac3c-1aa7-4c72-8d61-71574e8bcd9d,Sales,2025-06-05 22:12:32.42104
605,7e3eac3c-1aa7-4c72-8d61-71574e8bcd9d,IT,2025-06-05 22:12:32.42104
606,7e3eac3c-1aa7-4c72-8d61-71574e8bcd9d,Finance,2025-06-05 22:12:32.42104
607,7e3eac3c-1aa7-4c72-8d61-71574e8bcd9d,HR,2025-06-05 22:12:32.42104
608,6b905cd0-f282-444e-9c59-d9af669b718a,Finance,2025-06-05 22:12:32.42104
609,6b905cd0-f282-444e-9c59-d9af669b718a,HR,2025-06-05 22:12:32.42104
610,6b905cd0-f282-444e-9c59-d9af669b718a,Finance,2025-06-05 22:12:32.42104
611,0aa17ec6-3746-430f-8e6c-c2748e5e0c77,R&D,2025-06-05 22:12:32.42104
612,0aa17ec6-3746-430f-8e6c-c2748e5e0c77,Finance,2025-06-05 22:12:32.42104
613,0aa17ec6-3746-430f-8e6c-c2748e5e0c77,IT,2025-06-05 22:12:32.42104
614,10b476fe-f063-47a9-9065-c82a25172969,R&D,2025-06-05 22:12:32.42104
615,10b476fe-f063-47a9-9065-c82a25172969,IT,2025-06-05 22:12:32.42104
616,10b476fe-f063-47a9-9065-c82a25172969,Sales,2025-06-05 22:12:32.42104
617,10b476fe-f063-47a9-9065-c82a25172969,Sales,2025-06-05 22:12:32.42104
618,10b476fe-f063-47a9-9065-c82a25172969,IT,2025-06-05 22:12:32.42104
619,b02a19f0-32b5-4c91-8e9a-888ff8b29a4e,Marketing,2025-06-05 22:12:32.42104
620,b02a19f0-32b5-4c91-8e9a-888ff8b29a4e,Marketing,2025-06-05 22:12:32.42104
621,b02a19f0-32b5-4c91-8e9a-888ff8b29a4e,R&D,2025-06-05 22:12:32.42104
622,b02a19f0-32b5-4c91-8e9a-888ff8b29a4e,Marketing,2025-06-05 22:12:32.42104
623,a7b67998-79d0-484c-80cc-901b9f02564c,IT,2025-06-05 22:12:32.42104
624,a7b67998-79d0-484c-80cc-901b9f02564c,IT,2025-06-05 22:12:32.42104
625,468d510b-8c7c-4e12-b1d3-d8d149a2dc73,Marketing,2025-06-05 22:12:32.42104
626,468d510b-8c7c-4e12-b1d3-d8d149a2dc73,HR,2025-06-05 22:12:32.42104
627,7e236c9e-c66f-4fef-ba0e-873b6d6c1ad2,Marketing,2025-06-05 22:12:32.42104
628,7e236c9e-c66f-4fef-ba0e-873b6d6c1ad2,IT,2025-06-05 22:12:32.42104
629,7e236c9e-c66f-4fef-ba0e-873b6d6c1ad2,Sales,2025-06-05 22:12:32.42104
630,7e236c9e-c66f-4fef-ba0e-873b6d6c1ad2,HR,2025-06-05 22:12:32.42104
631,7e236c9e-c66f-4fef-ba0e-873b6d6c1ad2,Finance,2025-06-05 22:12:32.42104
632,3b8ecf0c-f118-4d94-b2bc-493946fc78b7,HR,2025-06-05 22:12:32.42104
633,3b8ecf0c-f118-4d94-b2bc-493946fc78b7,IT,2025-06-05 22:12:32.42104
634,3b8ecf0c-f118-4d94-b2bc-493946fc78b7,HR,2025-06-05 22:12:32.42104
635,3b8ecf0c-f118-4d94-b2bc-493946fc78b7,Finance,2025-06-05 22:12:32.42104
636,b04d5d72-3d42-4f36-a759-4090901a1d41,Finance,2025-06-05 22:12:32.42104
637,b04d5d72-3d42-4f36-a759-4090901a1d41,HR,2025-06-05 22:12:32.42104
638,b04d5d72-3d42-4f36-a759-4090901a1d41,R&D,2025-06-05 22:12:32.42104
639,b04d5d72-3d42-4f36-a759-4090901a1d41,R&D,2025-06-05 22:12:32.42104
640,f9b2923f-d73b-44ee-ba4e-93e41da2c048,Finance,2025-06-05 22:12:32.42104
641,f9b2923f-d73b-44ee-ba4e-93e41da2c048,Sales,2025-06-05 22:12:32.42104
642,f9b2923f-d73b-44ee-ba4e-93e41da2c048,R&D,2025-06-05 22:12:32.42104
643,f9b2923f-d73b-44ee-ba4e-93e41da2c048,HR,2025-06-05 22:12:32.42104
644,f9b2923f-d73b-44ee-ba4e-93e41da2c048,IT,2025-06-05 22:12:32.42104
645,368d81aa-c188-4ced-8c81-4610b643ecfc,HR,2025-06-05 22:12:32.42104
646,368d81aa-c188-4ced-8c81-4610b643ecfc,HR,2025-06-05 22:12:32.42104
647,368d81aa-c188-4ced-8c81-4610b643ecfc,HR,2025-06-05 22:12:32.42104
648,368d81aa-c188-4ced-8c81-4610b643ecfc,IT,2025-06-05 22:12:32.42104
649,368d81aa-c188-4ced-8c81-4610b643ecfc,Marketing,2025-06-05 22:12:32.42104
650,c109e3aa-5233-4f42-9967-6c6038835cdb,IT,2025-06-05 22:12:32.42104
651,c109e3aa-5233-4f42-9967-6c6038835cdb,HR,2025-06-05 22:12:32.42104
652,e4695f40-9c69-444a-8b54-603d2191d94b,Finance,2025-06-05 22:12:32.42104
653,e4695f40-9c69-444a-8b54-603d2191d94b,Sales,2025-06-05 22:12:32.42104
654,810bb90d-c628-4396-ba2a-537af1a02ffb,IT,2025-06-05 22:12:32.42104
655,810bb90d-c628-4396-ba2a-537af1a02ffb,Marketing,2025-06-05 22:12:32.42104
656,810bb90d-c628-4396-ba2a-537af1a02ffb,HR,2025-06-05 22:12:32.42104
657,810bb90d-c628-4396-ba2a-537af1a02ffb,HR,2025-06-05 22:12:32.42104
658,810bb90d-c628-4396-ba2a-537af1a02ffb,Finance,2025-06-05 22:12:32.42104
659,6f6c50bc-62cb-4f92-81a6-c3cd05166e3d,HR,2025-06-05 22:12:32.42104
660,6f6c50bc-62cb-4f92-81a6-c3cd05166e3d,Sales,2025-06-05 22:12:32.42104
661,f1b32ca2-2a3f-4f57-8d05-843dd197af18,Sales,2025-06-05 22:12:32.42104
662,f1b32ca2-2a3f-4f57-8d05-843dd197af18,HR,2025-06-05 22:12:32.42104
663,6dd48a37-0d56-4e4d-9050-070ad0530645,R&D,2025-06-05 22:12:32.42104
664,6dd48a37-0d56-4e4d-9050-070ad0530645,Finance,2025-06-05 22:12:32.42104
665,6dd48a37-0d56-4e4d-9050-070ad0530645,Sales,2025-06-05 22:12:32.42104
666,6dd48a37-0d56-4e4d-9050-070ad0530645,Finance,2025-06-05 22:12:32.42104
667,6dd48a37-0d56-4e4d-9050-070ad0530645,IT,2025-06-05 22:12:32.42104
668,9f941575-bda3-4326-aa1e-614260508f19,Marketing,2025-06-05 22:12:32.42104
669,9f941575-bda3-4326-aa1e-614260508f19,IT,2025-06-05 22:12:32.42104
670,de51d0ca-9373-4ccb-9b15-f81fe9a27699,Sales,2025-06-05 22:12:32.42104
671,de51d0ca-9373-4ccb-9b15-f81fe9a27699,HR,2025-06-05 22:12:32.42104
672,de51d0ca-9373-4ccb-9b15-f81fe9a27699,Sales,2025-06-05 22:12:32.42104
673,de51d0ca-9373-4ccb-9b15-f81fe9a27699,HR,2025-06-05 22:12:32.42104
674,d98ddcb3-9bed-4720-b21c-3c352bc9bdc2,HR,2025-06-05 22:12:32.42104
675,d98ddcb3-9bed-4720-b21c-3c352bc9bdc2,R&D,2025-06-05 22:12:32.42104
676,d98ddcb3-9bed-4720-b21c-3c352bc9bdc2,HR,2025-06-05 22:12:32.42104
677,d98ddcb3-9bed-4720-b21c-3c352bc9bdc2,Sales,2025-06-05 22:12:32.42104
678,22cfcc7f-44b8-43b3-8db1-afb3953d8fbe,Sales,2025-06-05 22:12:32.42104
679,22cfcc7f-44b8-43b3-8db1-afb3953d8fbe,Marketing,2025-06-05 22:12:32.42104
680,22cfcc7f-44b8-43b3-8db1-afb3953d8fbe,HR,2025-06-05 22:12:32.42104
681,22cfcc7f-44b8-43b3-8db1-afb3953d8fbe,Finance,2025-06-05 22:12:32.42104
682,22cfcc7f-44b8-43b3-8db1-afb3953d8fbe,Sales,2025-06-05 22:12:32.42104
683,52e52636-8ac6-4362-9808-993174e4f379,Marketing,2025-06-05 22:12:32.42104
684,52e52636-8ac6-4362-9808-993174e4f379,Sales,2025-06-05 22:12:32.42104
685,5e7e62bf-23ee-41ca-a9d2-5bd147b07da8,Marketing,2025-06-05 22:12:32.42104
686,5e7e62bf-23ee-41ca-a9d2-5bd147b07da8,Finance,2025-06-05 22:12:32.42104
687,3106abc8-520f-4d7d-8102-c2e3fc4c4bdc,Marketing,2025-06-05 22:12:32.42104
688,3106abc8-520f-4d7d-8102-c2e3fc4c4bdc,IT,2025-06-05 22:12:32.42104
689,3106abc8-520f-4d7d-8102-c2e3fc4c4bdc,R&D,2025-06-05 22:12:32.42104
690,3106abc8-520f-4d7d-8102-c2e3fc4c4bdc,HR,2025-06-05 22:12:32.42104
691,3106abc8-520f-4d7d-8102-c2e3fc4c4bdc,HR,2025-06-05 22:12:32.42104
692,1c7754e3-d765-4601-aa56-569c51366d00,HR,2025-06-05 22:12:32.42104
693,1c7754e3-d765-4601-aa56-569c51366d00,Finance,2025-06-05 22:12:32.42104
694,1c7754e3-d765-4601-aa56-569c51366d00,IT,2025-06-05 22:12:32.42104
695,1c7754e3-d765-4601-aa56-569c51366d00,R&D,2025-06-05 22:12:32.42104
696,1c7754e3-d765-4601-aa56-569c51366d00,R&D,2025-06-05 22:12:32.42104
697,704925d2-d8d6-46a3-a5cc-0e596f464ff2,Sales,2025-06-05 22:12:32.42104
698,704925d2-d8d6-46a3-a5cc-0e596f464ff2,Finance,2025-06-05 22:12:32.42104
699,704925d2-d8d6-46a3-a5cc-0e596f464ff2,HR,2025-06-05 22:12:32.42104
700,cf599624-e358-46f5-a4a6-88dde07387ca,HR,2025-06-05 22:12:32.42104
701,cf599624-e358-46f5-a4a6-88dde07387ca,R&D,2025-06-05 22:12:32.42104
702,cf599624-e358-46f5-a4a6-88dde07387ca,Marketing,2025-06-05 22:12:32.42104
703,cf599624-e358-46f5-a4a6-88dde07387ca,Sales,2025-06-05 22:12:32.42104
704,cf599624-e358-46f5-a4a6-88dde07387ca,Finance,2025-06-05 22:12:32.42104
705,4055d782-66ad-471d-a71b-66cbf3718500,Finance,2025-06-05 22:12:32.42104
706,4055d782-66ad-471d-a71b-66cbf3718500,HR,2025-06-05 22:12:32.42104
707,cd9fff94-9fc5-470a-aa56-3b95e363a90f,IT,2025-06-05 22:12:32.42104
708,cd9fff94-9fc5-470a-aa56-3b95e363a90f,R&D,2025-06-05 22:12:32.42104
709,42729a20-3d6a-495b-8a0c-05c53eaa6014,Finance,2025-06-05 22:12:32.42104
710,42729a20-3d6a-495b-8a0c-05c53eaa6014,IT,2025-06-05 22:12:32.42104
711,42729a20-3d6a-495b-8a0c-05c53eaa6014,Finance,2025-06-05 22:12:32.42104
712,42729a20-3d6a-495b-8a0c-05c53eaa6014,R&D,2025-06-05 22:12:32.42104
713,42729a20-3d6a-495b-8a0c-05c53eaa6014,Sales,2025-06-05 22:12:32.42104
714,480c9e1e-9085-4ebc-aefe-65555bde0bd7,Finance,2025-06-05 22:12:32.42104
715,480c9e1e-9085-4ebc-aefe-65555bde0bd7,Marketing,2025-06-05 22:12:32.42104
716,c60b0bd4-0fcd-4ee4-a7e8-34d10c55e9d4,Finance,2025-06-05 22:12:32.42104
717,c60b0bd4-0fcd-4ee4-a7e8-34d10c55e9d4,IT,2025-06-05 22:12:32.42104
718,c60b0bd4-0fcd-4ee4-a7e8-34d10c55e9d4,Marketing,2025-06-05 22:12:32.42104
719,c60b0bd4-0fcd-4ee4-a7e8-34d10c55e9d4,IT,2025-06-05 22:12:32.42104
720,c60b0bd4-0fcd-4ee4-a7e8-34d10c55e9d4,Sales,2025-06-05 22:12:32.42104
721,45ea2ba6-33c0-4328-a6ce-1793dff5caab,HR,2025-06-05 22:12:32.42104
722,45ea2ba6-33c0-4328-a6ce-1793dff5caab,HR,2025-06-05 22:12:32.42104
723,45ea2ba6-33c0-4328-a6ce-1793dff5caab,Finance,2025-06-05 22:12:32.42104
724,45ea2ba6-33c0-4328-a6ce-1793dff5caab,Finance,2025-06-05 22:12:32.42104
725,51f24690-56fd-45ec-8891-140fb3e038bf,HR,2025-06-05 22:12:32.42104
726,51f24690-56fd-45ec-8891-140fb3e038bf,Finance,2025-06-05 22:12:32.42104
727,41a14a16-76a0-4d50-9e02-2933d7cab40b,R&D,2025-06-05 22:12:32.42104
728,41a14a16-76a0-4d50-9e02-2933d7cab40b,Marketing,2025-06-05 22:12:32.42104
729,41a14a16-76a0-4d50-9e02-2933d7cab40b,Finance,2025-06-05 22:12:32.42104
730,41a14a16-76a0-4d50-9e02-2933d7cab40b,R&D,2025-06-05 22:12:32.42104
731,41a14a16-76a0-4d50-9e02-2933d7cab40b,R&D,2025-06-05 22:12:32.42104
732,5c289c43-eea2-45a4-a39d-d2fc886acd13,IT,2025-06-05 22:12:32.42104
733,5c289c43-eea2-45a4-a39d-d2fc886acd13,Marketing,2025-06-05 22:12:32.42104
734,d2ecf6b6-6f49-406f-8e41-787e697496ab,Finance,2025-06-05 22:12:32.42104
735,d2ecf6b6-6f49-406f-8e41-787e697496ab,HR,2025-06-05 22:12:32.42104
736,d2ecf6b6-6f49-406f-8e41-787e697496ab,HR,2025-06-05 22:12:32.42104
737,10b165d6-7110-4df1-bbff-da237ece64d3,R&D,2025-06-05 22:12:32.42104
738,10b165d6-7110-4df1-bbff-da237ece64d3,IT,2025-06-05 22:12:32.42104
739,10b165d6-7110-4df1-bbff-da237ece64d3,R&D,2025-06-05 22:12:32.42104
740,10b165d6-7110-4df1-bbff-da237ece64d3,Sales,2025-06-05 22:12:32.42104
741,2e0fd46b-cd65-4f52-af85-7e4170abbd29,Finance,2025-06-05 22:12:32.42104
742,2e0fd46b-cd65-4f52-af85-7e4170abbd29,Sales,2025-06-05 22:12:32.42104
743,2e0fd46b-cd65-4f52-af85-7e4170abbd29,R&D,2025-06-05 22:12:32.42104
744,2e0fd46b-cd65-4f52-af85-7e4170abbd29,HR,2025-06-05 22:12:32.42104
745,2e0fd46b-cd65-4f52-af85-7e4170abbd29,IT,2025-06-05 22:12:32.42104
746,67d519c2-b0a8-4a4f-9b9f-2865ce9733b0,IT,2025-06-05 22:12:32.42104
747,67d519c2-b0a8-4a4f-9b9f-2865ce9733b0,HR,2025-06-05 22:12:32.42104
748,67d519c2-b0a8-4a4f-9b9f-2865ce9733b0,Sales,2025-06-05 22:12:32.42104
749,67d519c2-b0a8-4a4f-9b9f-2865ce9733b0,R&D,2025-06-05 22:12:32.42104
750,2853dd9a-07cf-4b2e-8b44-0c604a0d0595,Marketing,2025-06-05 22:12:32.42104
751,2853dd9a-07cf-4b2e-8b44-0c604a0d0595,HR,2025-06-05 22:12:32.42104
752,2853dd9a-07cf-4b2e-8b44-0c604a0d0595,HR,2025-06-05 22:12:32.42104
753,2853dd9a-07cf-4b2e-8b44-0c604a0d0595,IT,2025-06-05 22:12:32.42104
754,2853dd9a-07cf-4b2e-8b44-0c604a0d0595,Marketing,2025-06-05 22:12:32.42104
755,ac2145b3-e649-4267-978b-766d048bc7cf,Marketing,2025-06-05 22:12:32.42104
756,ac2145b3-e649-4267-978b-766d048bc7cf,Finance,2025-06-05 22:12:32.42104
757,97b50139-e963-4db2-b1c8-28e622677bda,IT,2025-06-05 22:12:32.42104
758,97b50139-e963-4db2-b1c8-28e622677bda,Marketing,2025-06-05 22:12:32.42104
759,57536395-2d8f-4d74-b863-ce340235c91f,HR,2025-06-05 22:12:32.42104
760,57536395-2d8f-4d74-b863-ce340235c91f,Finance,2025-06-05 22:12:32.42104
761,57536395-2d8f-4d74-b863-ce340235c91f,Sales,2025-06-05 22:12:32.42104
762,57536395-2d8f-4d74-b863-ce340235c91f,Sales,2025-06-05 22:12:32.42104
763,2abe2887-a13b-4522-b188-e809efd6a85a,Marketing,2025-06-05 22:12:32.42104
764,2abe2887-a13b-4522-b188-e809efd6a85a,R&D,2025-06-05 22:12:32.42104
765,2abe2887-a13b-4522-b188-e809efd6a85a,R&D,2025-06-05 22:12:32.42104
766,9290c956-665d-4875-ad7c-a331d6b81806,Finance,2025-06-05 22:12:32.42104
767,9290c956-665d-4875-ad7c-a331d6b81806,Sales,2025-06-05 22:12:32.42104
768,9290c956-665d-4875-ad7c-a331d6b81806,Finance,2025-06-05 22:12:32.42104
769,1177a7d5-5ab1-45c1-868f-bb4cb50d4102,IT,2025-06-05 22:12:32.42104
770,1177a7d5-5ab1-45c1-868f-bb4cb50d4102,HR,2025-06-05 22:12:32.42104
771,4f51bf65-e89a-48c4-80f1-b9abbc6449fc,IT,2025-06-05 22:12:32.42104
772,4f51bf65-e89a-48c4-80f1-b9abbc6449fc,Sales,2025-06-05 22:12:32.42104
773,4f51bf65-e89a-48c4-80f1-b9abbc6449fc,R&D,2025-06-05 22:12:32.42104
774,4f51bf65-e89a-48c4-80f1-b9abbc6449fc,Finance,2025-06-05 22:12:32.42104
775,4f51bf65-e89a-48c4-80f1-b9abbc6449fc,IT,2025-06-05 22:12:32.42104
776,3a32e3c6-aa88-4a0f-a19b-c6e9430276fb,R&D,2025-06-05 22:12:32.42104
777,3a32e3c6-aa88-4a0f-a19b-c6e9430276fb,IT,2025-06-05 22:12:32.42104
778,3a32e3c6-aa88-4a0f-a19b-c6e9430276fb,R&D,2025-06-05 22:12:32.42104
779,3a32e3c6-aa88-4a0f-a19b-c6e9430276fb,HR,2025-06-05 22:12:32.42104
780,338ee2aa-7211-444b-b2ac-f6176d934304,IT,2025-06-05 22:12:32.42104
781,338ee2aa-7211-444b-b2ac-f6176d934304,R&D,2025-06-05 22:12:32.42104
782,338ee2aa-7211-444b-b2ac-f6176d934304,Sales,2025-06-05 22:12:32.42104
783,338ee2aa-7211-444b-b2ac-f6176d934304,Sales,2025-06-05 22:12:32.42104
784,338ee2aa-7211-444b-b2ac-f6176d934304,IT,2025-06-05 22:12:32.42104
785,c166d053-2dbf-4f6b-ab34-44bc3291ef01,R&D,2025-06-05 22:12:32.42104
786,c166d053-2dbf-4f6b-ab34-44bc3291ef01,Sales,2025-06-05 22:12:32.42104
787,c166d053-2dbf-4f6b-ab34-44bc3291ef01,R&D,2025-06-05 22:12:32.42104
788,f5d2bc83-4389-480b-8fac-08721ebb8988,HR,2025-06-05 22:12:32.42104
789,f5d2bc83-4389-480b-8fac-08721ebb8988,R&D,2025-06-05 22:12:32.42104
790,6a9184b7-938a-43c8-a456-d6839aa4d654,Finance,2025-06-05 22:12:32.42104
791,6a9184b7-938a-43c8-a456-d6839aa4d654,Sales,2025-06-05 22:12:32.42104
792,6a9184b7-938a-43c8-a456-d6839aa4d654,HR,2025-06-05 22:12:32.42104
793,6a9184b7-938a-43c8-a456-d6839aa4d654,Finance,2025-06-05 22:12:32.42104
794,8d898cd4-f0fd-42eb-83fa-7fcf9578a303,HR,2025-06-05 22:12:32.42104
795,8d898cd4-f0fd-42eb-83fa-7fcf9578a303,Marketing,2025-06-05 22:12:32.42104
796,8d898cd4-f0fd-42eb-83fa-7fcf9578a303,R&D,2025-06-05 22:12:32.42104
797,6b39e6ce-3639-432a-bf7f-11c8c2520072,Finance,2025-06-05 22:12:32.42104
798,6b39e6ce-3639-432a-bf7f-11c8c2520072,Sales,2025-06-05 22:12:32.42104
799,6b39e6ce-3639-432a-bf7f-11c8c2520072,Marketing,2025-06-05 22:12:32.42104
800,6b39e6ce-3639-432a-bf7f-11c8c2520072,R&D,2025-06-05 22:12:32.42104
801,6b39e6ce-3639-432a-bf7f-11c8c2520072,IT,2025-06-05 22:12:32.42104
802,a3ccdb07-1eae-4a86-92e4-d62b0ddd1d97,Finance,2025-06-05 22:12:32.42104
803,a3ccdb07-1eae-4a86-92e4-d62b0ddd1d97,IT,2025-06-05 22:12:32.42104
804,4d533c7f-f0ed-4578-afd9-bafe1046c169,Finance,2025-06-05 22:12:32.42104
805,4d533c7f-f0ed-4578-afd9-bafe1046c169,Sales,2025-06-05 22:12:32.42104
806,e133abf7-befd-42c4-aa88-ab1493440aed,R&D,2025-06-05 22:12:32.42104
807,e133abf7-befd-42c4-aa88-ab1493440aed,Finance,2025-06-05 22:12:32.42104
808,e133abf7-befd-42c4-aa88-ab1493440aed,Sales,2025-06-05 22:12:32.42104
809,e133abf7-befd-42c4-aa88-ab1493440aed,HR,2025-06-05 22:12:32.42104
810,9571481b-98a9-42c1-822d-ec0155eaa0b8,IT,2025-06-05 22:12:32.42104
811,9571481b-98a9-42c1-822d-ec0155eaa0b8,HR,2025-06-05 22:12:32.42104
812,9571481b-98a9-42c1-822d-ec0155eaa0b8,Marketing,2025-06-05 22:12:32.42104
813,9571481b-98a9-42c1-822d-ec0155eaa0b8,R&D,2025-06-05 22:12:32.42104
814,9571481b-98a9-42c1-822d-ec0155eaa0b8,R&D,2025-06-05 22:12:32.42104
815,798368bd-fe6d-4e1c-b1d4-d4fa5525de36,Finance,2025-06-05 22:12:32.42104
816,798368bd-fe6d-4e1c-b1d4-d4fa5525de36,HR,2025-06-05 22:12:32.42104
817,798368bd-fe6d-4e1c-b1d4-d4fa5525de36,HR,2025-06-05 22:12:32.42104
818,22e6559d-6bcd-482e-b6ff-6729ebf02d3b,Marketing,2025-06-05 22:12:32.42104
819,22e6559d-6bcd-482e-b6ff-6729ebf02d3b,Finance,2025-06-05 22:12:32.42104
820,90a4fee2-6857-4401-bc9d-4f523976a374,HR,2025-06-05 22:12:32.42104
821,90a4fee2-6857-4401-bc9d-4f523976a374,HR,2025-06-05 22:12:32.42104
822,90a4fee2-6857-4401-bc9d-4f523976a374,Marketing,2025-06-05 22:12:32.42104
823,90a4fee2-6857-4401-bc9d-4f523976a374,HR,2025-06-05 22:12:32.42104
824,90a4fee2-6857-4401-bc9d-4f523976a374,Sales,2025-06-05 22:12:32.42104
825,ed02289c-760f-4f7c-a107-ccd0fd9eb941,HR,2025-06-05 22:12:32.42104
826,ed02289c-760f-4f7c-a107-ccd0fd9eb941,Marketing,2025-06-05 22:12:32.42104
827,ed02289c-760f-4f7c-a107-ccd0fd9eb941,IT,2025-06-05 22:12:32.42104
828,6a5c855c-3e1e-4c96-a90f-e141adb7dcbc,IT,2025-06-05 22:12:32.42104
829,6a5c855c-3e1e-4c96-a90f-e141adb7dcbc,Finance,2025-06-05 22:12:32.42104
830,6a5c855c-3e1e-4c96-a90f-e141adb7dcbc,Marketing,2025-06-05 22:12:32.42104
831,e0412b5b-42d5-4667-8b24-e9184fc4a42e,Sales,2025-06-05 22:12:32.42104
832,e0412b5b-42d5-4667-8b24-e9184fc4a42e,Finance,2025-06-05 22:12:32.42104
833,e0412b5b-42d5-4667-8b24-e9184fc4a42e,R&D,2025-06-05 22:12:32.42104
834,e0412b5b-42d5-4667-8b24-e9184fc4a42e,Sales,2025-06-05 22:12:32.42104
835,f44ba501-7dba-4e97-a662-8398c32f4bdf,Finance,2025-06-05 22:12:32.42104
836,f44ba501-7dba-4e97-a662-8398c32f4bdf,Finance,2025-06-05 22:12:32.42104
837,f44ba501-7dba-4e97-a662-8398c32f4bdf,IT,2025-06-05 22:12:32.42104
838,f44ba501-7dba-4e97-a662-8398c32f4bdf,IT,2025-06-05 22:12:32.42104
839,079ddedd-06d3-494c-863a-f5dad670cd76,R&D,2025-06-05 22:12:32.42104
840,079ddedd-06d3-494c-863a-f5dad670cd76,IT,2025-06-05 22:12:32.42104
841,49f9af9e-4530-41fc-82cf-06ff4e9699a3,Marketing,2025-06-05 22:12:32.42104
842,49f9af9e-4530-41fc-82cf-06ff4e9699a3,Finance,2025-06-05 22:12:32.42104
843,4aa03157-5299-4b2e-8e1d-dab21ed2d2dc,Marketing,2025-06-05 22:12:32.42104
844,4aa03157-5299-4b2e-8e1d-dab21ed2d2dc,Sales,2025-06-05 22:12:32.42104
845,4aa03157-5299-4b2e-8e1d-dab21ed2d2dc,HR,2025-06-05 22:12:32.42104
846,4aa03157-5299-4b2e-8e1d-dab21ed2d2dc,Marketing,2025-06-05 22:12:32.42104
847,4aa03157-5299-4b2e-8e1d-dab21ed2d2dc,Finance,2025-06-05 22:12:32.42104
848,94191f8a-f528-424c-82ed-2f009819efce,R&D,2025-06-05 22:12:32.42104
849,94191f8a-f528-424c-82ed-2f009819efce,Sales,2025-06-05 22:12:32.42104
850,dc7bfc62-7a5f-46eb-bb94-3b3cab912bce,Finance,2025-06-05 22:12:32.42104
851,dc7bfc62-7a5f-46eb-bb94-3b3cab912bce,Sales,2025-06-05 22:12:32.42104
852,dc7bfc62-7a5f-46eb-bb94-3b3cab912bce,HR,2025-06-05 22:12:32.42104
853,dc7bfc62-7a5f-46eb-bb94-3b3cab912bce,Finance,2025-06-05 22:12:32.42104
854,d923c10c-88e9-4818-8fd3-c19704e375d9,Marketing,2025-06-05 22:12:32.42104
855,d923c10c-88e9-4818-8fd3-c19704e375d9,Marketing,2025-06-05 22:12:32.42104
856,d923c10c-88e9-4818-8fd3-c19704e375d9,HR,2025-06-05 22:12:32.42104
857,7c5722a0-eaf4-4946-831e-9021d0bd4d67,Marketing,2025-06-05 22:12:32.42104
858,7c5722a0-eaf4-4946-831e-9021d0bd4d67,Sales,2025-06-05 22:12:32.42104
859,7c5722a0-eaf4-4946-831e-9021d0bd4d67,IT,2025-06-05 22:12:32.42104
860,7c5722a0-eaf4-4946-831e-9021d0bd4d67,Marketing,2025-06-05 22:12:32.42104
861,d82611c2-609c-4037-9413-bca11d692cd6,R&D,2025-06-05 22:12:32.42104
862,d82611c2-609c-4037-9413-bca11d692cd6,Sales,2025-06-05 22:12:32.42104
863,d82611c2-609c-4037-9413-bca11d692cd6,IT,2025-06-05 22:12:32.42104
864,d82611c2-609c-4037-9413-bca11d692cd6,R&D,2025-06-05 22:12:32.42104
865,d82611c2-609c-4037-9413-bca11d692cd6,IT,2025-06-05 22:12:32.42104
866,82bb5a59-2d8b-4702-81f8-af014cf50f60,Marketing,2025-06-05 22:12:32.42104
867,82bb5a59-2d8b-4702-81f8-af014cf50f60,R&D,2025-06-05 22:12:32.42104
868,82bb5a59-2d8b-4702-81f8-af014cf50f60,Marketing,2025-06-05 22:12:32.42104
869,82bb5a59-2d8b-4702-81f8-af014cf50f60,Sales,2025-06-05 22:12:32.42104
870,6ce7dbc7-6f84-4746-bc1a-ef8467159601,IT,2025-06-05 22:12:32.42104
871,6ce7dbc7-6f84-4746-bc1a-ef8467159601,Sales,2025-06-05 22:12:32.42104
872,6ce7dbc7-6f84-4746-bc1a-ef8467159601,Sales,2025-06-05 22:12:32.42104
873,6ce7dbc7-6f84-4746-bc1a-ef8467159601,Finance,2025-06-05 22:12:32.42104
874,1e3e8c24-6536-46f9-bb04-e48919ac72ca,HR,2025-06-05 22:12:32.42104
875,1e3e8c24-6536-46f9-bb04-e48919ac72ca,Sales,2025-06-05 22:12:32.42104
876,1e3e8c24-6536-46f9-bb04-e48919ac72ca,Finance,2025-06-05 22:12:32.42104
877,1e3e8c24-6536-46f9-bb04-e48919ac72ca,Finance,2025-06-05 22:12:32.42104
878,27b56b39-0c8f-4766-847a-315b176188e3,HR,2025-06-05 22:12:32.42104
879,27b56b39-0c8f-4766-847a-315b176188e3,R&D,2025-06-05 22:12:32.42104
880,27b56b39-0c8f-4766-847a-315b176188e3,IT,2025-06-05 22:12:32.42104
881,27b56b39-0c8f-4766-847a-315b176188e3,IT,2025-06-05 22:12:32.42104
882,e725da81-2784-4a2a-94d8-91dbf02bc1f5,Sales,2025-06-05 22:12:32.42104
883,e725da81-2784-4a2a-94d8-91dbf02bc1f5,Sales,2025-06-05 22:12:32.42104
884,e725da81-2784-4a2a-94d8-91dbf02bc1f5,Marketing,2025-06-05 22:12:32.42104
885,d3d20d31-a89f-45e0-abbe-7b1f5c2f779a,R&D,2025-06-05 22:12:32.42104
886,d3d20d31-a89f-45e0-abbe-7b1f5c2f779a,R&D,2025-06-05 22:12:32.42104
887,d3d20d31-a89f-45e0-abbe-7b1f5c2f779a,Sales,2025-06-05 22:12:32.42104
888,d3d20d31-a89f-45e0-abbe-7b1f5c2f779a,Finance,2025-06-05 22:12:32.42104
889,d3d20d31-a89f-45e0-abbe-7b1f5c2f779a,Finance,2025-06-05 22:12:32.42104
890,99ab316e-8a11-43dc-ae58-62e89c14682c,Sales,2025-06-05 22:12:32.42104
891,99ab316e-8a11-43dc-ae58-62e89c14682c,Marketing,2025-06-05 22:12:32.42104
892,99ab316e-8a11-43dc-ae58-62e89c14682c,IT,2025-06-05 22:12:32.42104
893,99ab316e-8a11-43dc-ae58-62e89c14682c,HR,2025-06-05 22:12:32.42104
894,99ab316e-8a11-43dc-ae58-62e89c14682c,Marketing,2025-06-05 22:12:32.42104
895,000890a0-0486-4124-9277-cc4d4159815a,IT,2025-06-05 22:12:32.42104
896,000890a0-0486-4124-9277-cc4d4159815a,Finance,2025-06-05 22:12:32.42104
897,000890a0-0486-4124-9277-cc4d4159815a,IT,2025-06-05 22:12:32.42104
898,000890a0-0486-4124-9277-cc4d4159815a,IT,2025-06-05 22:12:32.42104
899,000890a0-0486-4124-9277-cc4d4159815a,Finance,2025-06-05 22:12:32.42104
900,27864e44-6497-4ce1-a549-681e682e0376,Sales,2025-06-05 22:12:32.42104
901,27864e44-6497-4ce1-a549-681e682e0376,R&D,2025-06-05 22:12:32.42104
902,27864e44-6497-4ce1-a549-681e682e0376,HR,2025-06-05 22:12:32.42104
903,27864e44-6497-4ce1-a549-681e682e0376,IT,2025-06-05 22:12:32.42104
904,52bf1bd0-5ce3-4360-9ce1-a14a425e25f7,HR,2025-06-05 22:12:32.42104
905,52bf1bd0-5ce3-4360-9ce1-a14a425e25f7,HR,2025-06-05 22:12:32.42104
906,f3477432-d4bd-43a7-a083-cf110e8dba31,Finance,2025-06-05 22:12:32.42104
907,f3477432-d4bd-43a7-a083-cf110e8dba31,IT,2025-06-05 22:12:32.42104
908,f3477432-d4bd-43a7-a083-cf110e8dba31,Sales,2025-06-05 22:12:32.42104
909,f3477432-d4bd-43a7-a083-cf110e8dba31,IT,2025-06-05 22:12:32.42104
910,f3477432-d4bd-43a7-a083-cf110e8dba31,IT,2025-06-05 22:12:32.42104
911,1485bf74-e953-4bc5-8cac-bd8c9f614bfe,HR,2025-06-05 22:12:32.42104
912,1485bf74-e953-4bc5-8cac-bd8c9f614bfe,Marketing,2025-06-05 22:12:32.42104
913,14ff25bd-803c-404f-b5fc-de64a65d9054,Finance,2025-06-05 22:12:32.42104
914,14ff25bd-803c-404f-b5fc-de64a65d9054,Sales,2025-06-05 22:12:32.42104
915,14ff25bd-803c-404f-b5fc-de64a65d9054,IT,2025-06-05 22:12:32.42104
916,14ff25bd-803c-404f-b5fc-de64a65d9054,HR,2025-06-05 22:12:32.42104
917,e2c50e98-53a5-4df7-b41f-d976bef71969,R&D,2025-06-05 22:12:32.42104
918,e2c50e98-53a5-4df7-b41f-d976bef71969,IT,2025-06-05 22:12:32.42104
919,e2c50e98-53a5-4df7-b41f-d976bef71969,HR,2025-06-05 22:12:32.42104
920,8c7b8baa-b1a9-4195-b97c-ffc627bb0ebc,Sales,2025-06-05 22:12:32.42104
921,8c7b8baa-b1a9-4195-b97c-ffc627bb0ebc,IT,2025-06-05 22:12:32.42104
922,8c7b8baa-b1a9-4195-b97c-ffc627bb0ebc,Finance,2025-06-05 22:12:32.42104
923,8c7b8baa-b1a9-4195-b97c-ffc627bb0ebc,IT,2025-06-05 22:12:32.42104
924,ffd65529-01b0-4413-b8ef-6464c00f09e8,Sales,2025-06-05 22:12:32.42104
925,ffd65529-01b0-4413-b8ef-6464c00f09e8,R&D,2025-06-05 22:12:32.42104
926,ffd65529-01b0-4413-b8ef-6464c00f09e8,Marketing,2025-06-05 22:12:32.42104
927,ffd65529-01b0-4413-b8ef-6464c00f09e8,IT,2025-06-05 22:12:32.42104
928,d1a0724c-d80e-4033-9398-ad5bf12bac75,R&D,2025-06-05 22:12:32.42104
929,d1a0724c-d80e-4033-9398-ad5bf12bac75,Marketing,2025-06-05 22:12:32.42104
930,d1a0724c-d80e-4033-9398-ad5bf12bac75,Finance,2025-06-05 22:12:32.42104
931,eea17e97-d1ac-4818-aa7e-82999dd5a283,Marketing,2025-06-05 22:12:32.42104
932,eea17e97-d1ac-4818-aa7e-82999dd5a283,HR,2025-06-05 22:12:32.42104
933,c0d6869a-c279-4f70-957e-49714138e946,R&D,2025-06-05 22:12:32.42104
934,c0d6869a-c279-4f70-957e-49714138e946,Sales,2025-06-05 22:12:32.42104
935,7deeadf3-f231-499e-a429-1e20b24324bd,R&D,2025-06-05 22:12:32.42104
936,7deeadf3-f231-499e-a429-1e20b24324bd,Finance,2025-06-05 22:12:32.42104
937,7deeadf3-f231-499e-a429-1e20b24324bd,Marketing,2025-06-05 22:12:32.42104
938,7deeadf3-f231-499e-a429-1e20b24324bd,Finance,2025-06-05 22:12:32.42104
939,f9572025-fdfe-4d76-8991-03a2e31b8bdc,Marketing,2025-06-05 22:12:32.42104
940,f9572025-fdfe-4d76-8991-03a2e31b8bdc,IT,2025-06-05 22:12:32.42104
941,f99c555f-294b-44c9-8b17-9166a6740073,Marketing,2025-06-05 22:12:32.42104
942,f99c555f-294b-44c9-8b17-9166a6740073,Marketing,2025-06-05 22:12:32.42104
943,298213c7-c9db-40fa-ba8a-068d24cc4f2f,Finance,2025-06-05 22:12:32.42104
944,298213c7-c9db-40fa-ba8a-068d24cc4f2f,Marketing,2025-06-05 22:12:32.42104
945,298213c7-c9db-40fa-ba8a-068d24cc4f2f,Finance,2025-06-05 22:12:32.42104
946,298213c7-c9db-40fa-ba8a-068d24cc4f2f,Finance,2025-06-05 22:12:32.42104
947,298213c7-c9db-40fa-ba8a-068d24cc4f2f,Finance,2025-06-05 22:12:32.42104
948,1ac2b3f9-3744-4d9a-8a86-82b36ab9463d,HR,2025-06-05 22:12:32.42104
949,1ac2b3f9-3744-4d9a-8a86-82b36ab9463d,Marketing,2025-06-05 22:12:32.42104
950,07ff9114-2c04-4a7c-bb33-7decb2334f1d,R&D,2025-06-05 22:12:32.42104
951,07ff9114-2c04-4a7c-bb33-7decb2334f1d,Finance,2025-06-05 22:12:32.42104
952,07ff9114-2c04-4a7c-bb33-7decb2334f1d,R&D,2025-06-05 22:12:32.42104
953,07ff9114-2c04-4a7c-bb33-7decb2334f1d,IT,2025-06-05 22:12:32.42104
954,07ff9114-2c04-4a7c-bb33-7decb2334f1d,Finance,2025-06-05 22:12:32.42104
955,963fa3ca-7892-4f2f-a6f8-09b1e84a6a3e,IT,2025-06-05 22:12:32.42104
956,963fa3ca-7892-4f2f-a6f8-09b1e84a6a3e,Finance,2025-06-05 22:12:32.42104
957,963fa3ca-7892-4f2f-a6f8-09b1e84a6a3e,Sales,2025-06-05 22:12:32.42104
958,94406192-c53f-4822-ad92-393fc2e68da9,R&D,2025-06-05 22:12:32.42104
959,94406192-c53f-4822-ad92-393fc2e68da9,HR,2025-06-05 22:12:32.42104
960,94406192-c53f-4822-ad92-393fc2e68da9,HR,2025-06-05 22:12:32.42104
961,e455055b-9e50-42de-80c1-1d9449d938da,R&D,2025-06-05 22:12:32.42104
962,e455055b-9e50-42de-80c1-1d9449d938da,Marketing,2025-06-05 22:12:32.42104
963,e455055b-9e50-42de-80c1-1d9449d938da,Finance,2025-06-05 22:12:32.42104
964,e455055b-9e50-42de-80c1-1d9449d938da,Finance,2025-06-05 22:12:32.42104
965,d9983ba4-0dee-41d2-88b2-084ab898d52e,Sales,2025-06-05 22:12:32.42104
966,d9983ba4-0dee-41d2-88b2-084ab898d52e,IT,2025-06-05 22:12:32.42104
967,d9983ba4-0dee-41d2-88b2-084ab898d52e,R&D,2025-06-05 22:12:32.42104
968,28541d01-8f48-4e5f-92df-2aab427d8b44,R&D,2025-06-05 22:12:32.42104
969,28541d01-8f48-4e5f-92df-2aab427d8b44,Finance,2025-06-05 22:12:32.42104
970,28541d01-8f48-4e5f-92df-2aab427d8b44,Sales,2025-06-05 22:12:32.42104
971,08a070bb-f8e6-4964-a068-fdfa6b4025c3,Finance,2025-06-05 22:12:32.42104
972,08a070bb-f8e6-4964-a068-fdfa6b4025c3,IT,2025-06-05 22:12:32.42104
973,08a070bb-f8e6-4964-a068-fdfa6b4025c3,Marketing,2025-06-05 22:12:32.42104
974,08a070bb-f8e6-4964-a068-fdfa6b4025c3,Sales,2025-06-05 22:12:32.42104
975,08a070bb-f8e6-4964-a068-fdfa6b4025c3,IT,2025-06-05 22:12:32.42104
976,d5ddc1d8-dc74-4878-91f4-f6df81140134,Sales,2025-06-05 22:12:32.42104
977,d5ddc1d8-dc74-4878-91f4-f6df81140134,Sales,2025-06-05 22:12:32.42104
978,d5ddc1d8-dc74-4878-91f4-f6df81140134,HR,2025-06-05 22:12:32.42104
979,d5ddc1d8-dc74-4878-91f4-f6df81140134,R&D,2025-06-05 22:12:32.42104
980,4615cf24-9626-4e64-9327-1164fb60dd76,HR,2025-06-05 22:12:32.42104
981,4615cf24-9626-4e64-9327-1164fb60dd76,IT,2025-06-05 22:12:32.42104
982,29cb5f1b-31fd-4cb0-84d6-0cc45cbed8ef,R&D,2025-06-05 22:12:32.42104
983,29cb5f1b-31fd-4cb0-84d6-0cc45cbed8ef,IT,2025-06-05 22:12:32.42104
984,29cb5f1b-31fd-4cb0-84d6-0cc45cbed8ef,Finance,2025-06-05 22:12:32.42104
985,29cb5f1b-31fd-4cb0-84d6-0cc45cbed8ef,IT,2025-06-05 22:12:32.42104
986,29cb5f1b-31fd-4cb0-84d6-0cc45cbed8ef,IT,2025-06-05 22:12:32.42104
987,1d34b7ab-e1a0-461b-b759-0da12b0fa6c0,R&D,2025-06-05 22:12:32.42104
988,1d34b7ab-e1a0-461b-b759-0da12b0fa6c0,HR,2025-06-05 22:12:32.42104
989,1d34b7ab-e1a0-461b-b759-0da12b0fa6c0,Marketing,2025-06-05 22:12:32.42104
990,1d34b7ab-e1a0-461b-b759-0da12b0fa6c0,HR,2025-06-05 22:12:32.42104
991,1d34b7ab-e1a0-461b-b759-0da12b0fa6c0,Sales,2025-06-05 22:12:32.42104
992,5f8583d7-9fff-4498-852d-f232ee818b63,IT,2025-06-05 22:12:32.42104
993,5f8583d7-9fff-4498-852d-f232ee818b63,Marketing,2025-06-05 22:12:32.42104
994,5f8583d7-9fff-4498-852d-f232ee818b63,R&D,2025-06-05 22:12:32.42104
995,5f8583d7-9fff-4498-852d-f232ee818b63,R&D,2025-06-05 22:12:32.42104
996,0c31576c-dec3-4d1a-9343-cf14072d5843,Sales,2025-06-05 22:12:32.42104
997,0c31576c-dec3-4d1a-9343-cf14072d5843,IT,2025-06-05 22:12:32.42104
998,751f5f3b-124a-412c-8ff2-976de6523f5b,Sales,2025-06-05 22:12:32.42104
999,751f5f3b-124a-412c-8ff2-976de6523f5b,IT,2025-06-05 22:12:32.42104
1000,751f5f3b-124a-412c-8ff2-976de6523f5b,Finance,2025-06-05 22:12:32.42104
1001,751f5f3b-124a-412c-8ff2-976de6523f5b,R&D,2025-06-05 22:12:32.42104
1002,f80ce8d3-abbc-4598-94ac-d8c921f32c66,IT,2025-06-05 22:12:32.42104
1003,f80ce8d3-abbc-4598-94ac-d8c921f32c66,IT,2025-06-05 22:12:32.42104
1004,f80ce8d3-abbc-4598-94ac-d8c921f32c66,Finance,2025-06-05 22:12:32.42104
1005,f80ce8d3-abbc-4598-94ac-d8c921f32c66,Sales,2025-06-05 22:12:32.42104
1006,5d0111d6-f371-4096-ae70-ffe6934c0b47,IT,2025-06-05 22:12:32.42104
1007,5d0111d6-f371-4096-ae70-ffe6934c0b47,IT,2025-06-05 22:12:32.42104
1008,5d0111d6-f371-4096-ae70-ffe6934c0b47,HR,2025-06-05 22:12:32.42104
1009,5d0111d6-f371-4096-ae70-ffe6934c0b47,R&D,2025-06-05 22:12:32.42104
1010,c5e497fa-5230-4e3c-9474-6ea54e05830f,Sales,2025-06-05 22:12:32.42104
1011,c5e497fa-5230-4e3c-9474-6ea54e05830f,IT,2025-06-05 22:12:32.42104
1012,c5e497fa-5230-4e3c-9474-6ea54e05830f,HR,2025-06-05 22:12:32.42104
1013,702c835b-be36-428c-8b11-95ba256eba6c,Finance,2025-06-05 22:12:32.42104
1014,702c835b-be36-428c-8b11-95ba256eba6c,Finance,2025-06-05 22:12:32.42104
1015,702c835b-be36-428c-8b11-95ba256eba6c,Sales,2025-06-05 22:12:32.42104
1016,702c835b-be36-428c-8b11-95ba256eba6c,IT,2025-06-05 22:12:32.42104
1017,65ba2154-b546-4409-8dc8-bd457bb112d4,HR,2025-06-05 22:12:32.42104
1018,65ba2154-b546-4409-8dc8-bd457bb112d4,HR,2025-06-05 22:12:32.42104
1019,65ba2154-b546-4409-8dc8-bd457bb112d4,Sales,2025-06-05 22:12:32.42104
1020,65ba2154-b546-4409-8dc8-bd457bb112d4,Finance,2025-06-05 22:12:32.42104
1021,ec1c3d97-2369-4b83-ab5b-3b8461199193,Sales,2025-06-05 22:12:32.42104
1022,ec1c3d97-2369-4b83-ab5b-3b8461199193,Marketing,2025-06-05 22:12:32.42104
1023,ec1c3d97-2369-4b83-ab5b-3b8461199193,Sales,2025-06-05 22:12:32.42104
1024,ec1c3d97-2369-4b83-ab5b-3b8461199193,IT,2025-06-05 22:12:32.42104
1025,012349b2-8921-43a2-9909-d18384a78c67,HR,2025-06-05 22:12:32.42104
1026,012349b2-8921-43a2-9909-d18384a78c67,Sales,2025-06-05 22:12:32.42104
1027,012349b2-8921-43a2-9909-d18384a78c67,Finance,2025-06-05 22:12:32.42104
1028,5bbbf6b2-3411-4bf7-8d0b-989e4c7ff8a6,R&D,2025-06-05 22:12:32.42104
1029,5bbbf6b2-3411-4bf7-8d0b-989e4c7ff8a6,HR,2025-06-05 22:12:32.42104
1030,ce8db896-f1d7-4bef-9add-ad7ecc795767,Sales,2025-06-05 22:12:32.42104
1031,ce8db896-f1d7-4bef-9add-ad7ecc795767,IT,2025-06-05 22:12:32.42104
1032,ce8db896-f1d7-4bef-9add-ad7ecc795767,Finance,2025-06-05 22:12:32.42104
1033,679cc3a7-0cf6-44ce-83b0-d32101939b6b,R&D,2025-06-05 22:12:32.42104
1034,679cc3a7-0cf6-44ce-83b0-d32101939b6b,Sales,2025-06-05 22:12:32.42104
1035,679cc3a7-0cf6-44ce-83b0-d32101939b6b,Marketing,2025-06-05 22:12:32.42104
1036,679cc3a7-0cf6-44ce-83b0-d32101939b6b,R&D,2025-06-05 22:12:32.42104
1037,679cc3a7-0cf6-44ce-83b0-d32101939b6b,IT,2025-06-05 22:12:32.42104
1038,09e26718-a4a0-4d71-8a3c-69b2c109f2dd,HR,2025-06-05 22:12:32.42104
1039,09e26718-a4a0-4d71-8a3c-69b2c109f2dd,Sales,2025-06-05 22:12:32.42104
1040,09e26718-a4a0-4d71-8a3c-69b2c109f2dd,IT,2025-06-05 22:12:32.42104
1041,09e26718-a4a0-4d71-8a3c-69b2c109f2dd,IT,2025-06-05 22:12:32.42104
1042,40abf783-dac1-4e6a-a722-a8bd53d53401,Marketing,2025-06-05 22:12:32.42104
1043,40abf783-dac1-4e6a-a722-a8bd53d53401,Finance,2025-06-05 22:12:32.42104
1044,40abf783-dac1-4e6a-a722-a8bd53d53401,Marketing,2025-06-05 22:12:32.42104
1045,40abf783-dac1-4e6a-a722-a8bd53d53401,R&D,2025-06-05 22:12:32.42104
1046,40abf783-dac1-4e6a-a722-a8bd53d53401,HR,2025-06-05 22:12:32.42104
1047,5471f41c-ee1d-471a-8d90-66b539e69fb8,R&D,2025-06-05 22:12:32.42104
1048,5471f41c-ee1d-471a-8d90-66b539e69fb8,R&D,2025-06-05 22:12:32.42104
1049,5471f41c-ee1d-471a-8d90-66b539e69fb8,HR,2025-06-05 22:12:32.42104
1050,d3ceac4b-c950-40cf-b3b4-c1b4839e52df,R&D,2025-06-05 22:12:32.42104
1051,d3ceac4b-c950-40cf-b3b4-c1b4839e52df,HR,2025-06-05 22:12:32.42104
1052,d3ceac4b-c950-40cf-b3b4-c1b4839e52df,IT,2025-06-05 22:12:32.42104
1053,a3ebb7f1-c6a7-4d67-a777-a34c4ee2e9c7,R&D,2025-06-05 22:12:32.42104
1054,a3ebb7f1-c6a7-4d67-a777-a34c4ee2e9c7,Finance,2025-06-05 22:12:32.42104
1055,a3ebb7f1-c6a7-4d67-a777-a34c4ee2e9c7,R&D,2025-06-05 22:12:32.42104
1056,a3ebb7f1-c6a7-4d67-a777-a34c4ee2e9c7,Marketing,2025-06-05 22:12:32.42104
1057,451ac7d6-9dd5-4b35-bc9c-ec21e4b23c0b,HR,2025-06-05 22:12:32.42104
1058,451ac7d6-9dd5-4b35-bc9c-ec21e4b23c0b,IT,2025-06-05 22:12:32.42104
1059,451ac7d6-9dd5-4b35-bc9c-ec21e4b23c0b,IT,2025-06-05 22:12:32.42104
1060,451ac7d6-9dd5-4b35-bc9c-ec21e4b23c0b,Finance,2025-06-05 22:12:32.42104
